block_ID,administrative_subdivision,Year,Month,hotels
6942,14.0,2019,10,0.01701013081242191
6068,14.0,2019,10,0.01806385573000557
5784,14.0,2019,10,0.014300552452921075
6212,14.0,2019,10,0.1448119101022113
6938,1.0,2019,10,0.46589694570306034
6214,14.0,2019,10,0.26132377956074726
6063,14.0,2019,10,0.048471346208848284
5478,13.0,2019,10,0.08490012193102617
5768,13.0,2019,10,0.014752148846171216
6792,14.0,2019,10,0.10672728093811625
6648,14.0,2019,10,0.0839969291445259
6654,14.0,2019,10,0.007827670816335747
6793,14.0,2019,10,0.10717887733136638
6645,14.0,2019,10,0.0921256642230284
6213,14.0,2019,10,0.09980280290828078
5783,14.0,2019,10,0.015805873763754873
4192,14.0,2019,10,0.005419156719001671
5063,14.0,2019,10,0.004967560325751532
5915,14.0,2019,10,0.09348045340277882
5494,14.0,2019,10,0.20863753368156435
5638,14.0,2019,10,0.01881651638542247
6508,14.0,2019,10,0.16257470157005013
4759,14.0,2019,10,0.07616925832819016
5346,14.0,2019,10,0.006623413767668708
6069,14.0,2019,10,0.04335325375201337
6504,14.0,2019,10,0.22579819662506964
7530,15.0,2019,10,0.1121464376571179
7706,15.0,2019,10,0.013246827535337416
8422,15.0,2019,10,0.008429799340669265
7385,15.0,2019,10,0.02498833375984104
4637,15.0,2020,08,0.027246315726091735
2450,15.0,2019,10,0.009634056389336303
7384,15.0,2019,10,0.006021285243335189
8272,15.0,2020,08,0.004214899670334633
7676,15.0,2019,10,0.2178199936776505
6808,15.0,2019,10,0.014752148846171216
6811,15.0,2020,08,0.0045159639325013925
6082,15.0,2020,08,0.0021074498351673163
7823,15.0,2019,10,0.016257470157005013
5364,15.0,2020,08,0.0027095783595008356
6803,15.0,2019,10,0.00572022098116843
6518,15.0,2020,08,0.006021285243335189
6517,15.0,2020,08,0.0048170281946681515
6799,1.0,2019,10,0.3420090018214388
7101,15.0,2020,08,0.0045159639325013925
7386,15.0,2020,08,0.0048170281946681515
7099,15.0,2019,10,0.05358943866568319
6663,15.0,2019,10,0.037783564901928315
7680,15.0,2019,10,0.00572022098116843
7678,15.0,2019,10,0.10567355602053258
5792,15.0,2020,08,0.0021074498351673163
6669,15.0,2020,08,0.0024085140973340757
8719,15.0,2020,08,0.0024085140973340757
3483,15.0,2020,08,0.004214899670334633
6801,15.0,2020,08,0.0024085140973340757
6662,15.0,2020,08,0.0021074498351673163
7264,15.0,2020,08,0.0021074498351673163
7679,15.0,2020,08,0.007225542292002228
4776,15.0,2020,08,0.0021074498351673163
7246,15.0,2019,10,0.01234363474883714
6228,15.0,2019,10,0.23392693170357215
7245,15.0,2019,10,0.009031927865002785
6952,15.0,2020,08,0.0024085140973340757
2309,15.0,2020,08,0.0024085140973340757
6657,15.0,2019,10,0.003612771146001114
7989,15.0,2019,10,0.006322349505501949
7972,15.0,2020,08,0.004214899670334633
7106,15.0,2020,08,0.0021074498351673163
6373,15.0,2020,08,0.0021074498351673163
7677,15.0,2020,08,0.01144044196233686
7240,15.0,2020,05,0.0015053213108337973
7814,2.0,2019,10,0.7794553747497402
6812,15.0,2020,08,0.0024085140973340757
5218,15.0,2019,10,0.05825593472926796
5502,15.0,2019,10,0.066986798332104
7850,15.0,2020,08,0.0021074498351673163
7100,15.0,2020,08,0.0027095783595008356
7097,15.0,2020,08,0.0024085140973340757
6954,15.0,2020,08,0.0021074498351673163
7822,15.0,2020,08,0.0021074498351673163
5789,15.0,2020,08,0.0024085140973340757
6526,15.0,2020,08,0.0021074498351673163
8130,15.0,2019,10,0.012042570486670378
7825,15.0,2019,10,0.19508964188406017
7824,15.0,2019,10,1.1368186539416838
5500,14.0,2020,08,0.0024085140973340757
6955,15.0,2020,08,0.0027095783595008356
7244,15.0,2019,10,0.19719709171922745
7829,15.0,2020,08,0.0021074498351673163
5648,15.0,2020,08,0.0021074498351673163
7120,15.0,2020,08,0.0024085140973340757
7971,15.0,2020,08,0.0024085140973340757
4778,15.0,2020,08,0.0024085140973340757
7985,15.0,2020,08,0.0027095783595008356
7839,15.0,2019,10,0.003311706883834354
8129,15.0,2019,10,0.003612771146001114
6802,15.0,2019,10,0.009935120651503064
2012,15.0,2019,10,0.03477292228026072
4633,15.0,2019,10,0.09137300356761151
7531,15.0,2019,10,0.010236184913669823
6949,15.0,2019,10,0.008429799340669265
7851,15.0,2019,10,0.003913835408167874
6248,15.0,2019,10,0.01821438786108895
3774,15.0,2019,10,0.003612771146001114
2449,14.0,2019,10,0.0045159639325013925
3632,15.0,2019,10,0.003311706883834354
4777,15.0,2019,10,0.06954584456052144
8570,15.0,2019,10,0.08204001144044196
7387,15.0,2019,10,0.14601616715087837
8276,15.0,2019,10,0.009031927865002785
8421,15.0,2019,10,0.11922144781803676
5937,15.0,2019,10,0.4139633604792943
7243,15.0,2019,10,0.01159097409342024
7973,15.0,2019,10,0.010236184913669823
4921,15.0,2019,10,0.014451084584004455
8425,15.0,2019,10,0.019870241303006127
3045,15.0,2019,10,0.013246827535337416
8869,15.0,2019,10,0.026493655070674832
4486,15.0,2019,10,0.011892038355587
4780,15.0,2019,10,0.008881395733919405
7241,15.0,2019,10,0.4296187021119658
3484,15.0,2019,10,0.014902680977254595
6809,15.0,2019,10,0.001956917704083937
3335,15.0,2019,10,0.07180382652677214
3041,15.0,2019,10,0.04139633604792943
8117,15.0,2019,10,0.061868705875269076
6656,15.0,2019,10,0.01851545212325571
6534,15.0,2019,10,0.003311706883834354
7533,15.0,2019,10,0.004214899670334633
7389,15.0,2019,10,0.01821438786108895
7846,15.0,2019,10,0.003311706883834354
6227,15.0,2019,10,0.01821438786108895
8955,9.0,2019,10,0.6054402312173534
8686,1.0,2019,10,8.983305986662852
8104,1.0,2019,10,3.912029022594873
9130,2.0,2019,10,0.33749303788893736
6359,14.0,2019,10,0.17220875795938642
7951,1.0,2019,10,0.5678071984465084
5354,14.0,2019,10,0.08459905766885942
9127,2.0,2019,10,0.13276933961554094
7812,1.0,2019,10,0.647739760051783
8693,2.0,2019,10,0.2288088392467372
8833,1.0,2019,10,3.409251704776384
8688,1.0,2019,10,6.043413466604447
7811,1.0,2019,10,2.554680796616038
7374,1.0,2019,10,2.223359576101519
7666,1.0,2019,10,0.675437672171125
8249,1.0,2019,10,2.298023513118875
7521,1.0,2019,10,1.9207899926239256
4412,10.0,2019,10,0.32514940314010027
9273,2.0,2019,10,0.28209721365025364
8541,1.0,2019,10,10.0
8250,1.0,2019,10,5.210519185320106
7810,1.0,2019,10,2.19400581054026
9297,3.0,2019,10,0.03763303277084494
5911,13.0,2019,10,1.7819993677650494
8977,1.0,2019,10,1.1419367463985188
8248,1.0,2019,10,0.5872258433562644
8689,1.0,2019,10,1.8181270792250606
7373,1.0,2019,10,0.5997200102361849
8834,1.0,2019,10,6.001866598425433
8540,1.0,2019,10,4.1143442067709355
12033,6.0,2019,10,0.6087519381011877
8685,1.0,2019,10,2.210413812828348
7661,1.0,2019,10,1.2509220093028859
8100,1.0,2019,10,0.3958995047492887
7668,1.0,2019,10,0.5399587541960831
9122,1.0,2019,10,1.650735349460342
8829,1.0,2019,10,0.7707245111469042
11153,7.0,2019,10,0.39017928376812033
8395,1.0,2019,10,3.1345305655492166
5443,9.0,2019,10,0.034923454411344104
7520,1.0,2019,10,0.5310773584621638
11475,4.0,2019,10,0.16287576583221688
8103,1.0,2019,10,2.5870452047989643
7790,9.0,2019,10,0.30512862970601073
7813,1.0,2019,10,1.4703978564224536
7809,1.0,2019,10,2.7146964519576704
8404,2.0,2019,10,0.1872619710677244
7230,1.0,2019,10,0.8735379566768526
8684,1.0,2019,10,1.1557857024581897
11742,6.0,2019,10,0.02995589408559257
8542,1.0,2019,10,1.1094218060845087
8544,2.0,2019,10,0.5774412548358447
7522,1.0,2019,10,0.569613584019509
5910,13.0,2019,10,1.1470548388553536
7375,1.0,2019,10,2.3133777904893797
8251,1.0,2019,10,3.44914271951348
6646,14.0,2019,10,0.316719603799431
6201,12.0,2019,10,0.9769535307311346
9560,5.0,2019,10,0.3128057683912632
8543,1.0,2019,10,2.420556667820746
8247,1.0,2019,10,1.5608676672035646
14081,6.0,2019,10,0.16709066550255153
11772,3.0,2019,10,0.04817028194668151
6900,9.0,2019,10,0.03612771146001114
12613,6.0,2019,10,0.16287576583221688
9412,7.0,2019,10,0.10236184913669823
9855,4.0,2019,10,0.3161174752750975
14809,6.0,2019,10,0.03462239014917734
9423,2.0,2019,10,0.11922144781803676
8830,1.0,2019,10,1.6183709412774157
7959,1.0,2019,10,3.12489650915988
7918,9.0,2019,10,0.05148198883051587
8394,1.0,2019,10,2.9672893679155816
11407,9.0,2019,10,0.10687781306919962
8526,8.0,2019,10,1.054025981845825
8653,9.0,2019,10,0.1144044196233686
13491,6.0,2019,10,0.019569177040839367
8835,2.0,2019,10,0.0230314160557571
9265,7.0,2019,10,0.5208411735484939
11888,6.0,2019,10,0.05780433833601782
8539,1.0,2019,10,1.1024973280546733
9530,9.0,2019,10,0.3161174752750975
11158,6.0,2019,10,0.21074498351673163
9413,7.0,2019,10,0.5274645873161626
9409,7.0,2019,10,0.17642365762972106
10890,4.0,2019,10,0.048471346208848284
11467,4.0,2019,10,0.04967560325751532
8393,1.0,2019,10,2.886754677785973
8403,2.0,2019,10,0.11169484126386776
8108,2.0,2019,10,0.35344944378377563
15158,nan,2019,10,0.08429799340669265
7958,1.0,2019,10,3.466453914588069
11588,7.0,2019,10,0.09784588520419683
7926,9.0,2019,10,0.0364287757221779
8535,1.0,2019,10,0.14451084584004456
7229,1.0,2019,10,2.276497418373952
8102,1.0,2019,10,1.1026478601857566
6934,13.0,2019,10,0.35856753624061055
7956,1.0,2019,10,2.0376029263446283
7651,8.0,2019,10,0.2014119913895621
8690,2.0,2019,10,1.0111243244870618
8960,8.0,2019,10,0.15655341632671493
5159,11.0,2019,10,0.4217910312956301
8852,3.0,2019,10,0.10657674880703286
8976,1.0,2019,10,1.431861630865108
9091,9.0,2019,10,0.1872619710677244
10871,5.0,2019,10,0.0809862865228583
8832,1.0,2019,10,1.000888139573392
8831,1.0,2019,10,2.833014706989207
11178,4.0,2019,10,0.0936309855338622
13055,6.0,2019,10,0.05479369571435023
8396,1.0,2019,10,1.4676882780629525
9566,2.0,2019,10,0.3457723050985233
5785,14.0,2019,10,0.06683626620102061
8400,2.0,2019,10,0.7851755957309088
8840,2.0,2019,10,0.1442097815778778
6796,14.0,2019,10,0.3757281991841158
5041,13.0,2019,10,0.03311706883834355
7663,1.0,2019,10,1.0708855805271635
7195,9.0,2019,10,0.2125513690897322
7049,9.0,2019,10,0.08459905766885942
5764,13.0,2019,10,0.31641853953726423
8246,1.0,2019,10,0.249732805467327
8109,2.0,2019,10,0.20773434089506407
8687,1.0,2019,10,3.207237584862489
12300,nan,2019,10,0.33418133100510305
7080,13.0,2019,10,1.0376179795577365
1481,nan,2019,10,0.2653881470999985
7662,1.0,2019,10,1.1881501106411163
8397,1.0,2019,10,1.864340443467658
8854,3.0,2019,10,0.06653520193885384
7667,1.0,2019,10,3.39480062019238
7369,12.0,2019,10,0.1345757251885415
4608,14.0,2019,10,0.0048170281946681515
7079,13.0,2019,10,1.3553913082747513
6907,9.0,2019,10,0.19448751335972664
8099,1.0,2019,10,0.4499405398082221
7948,8.0,2019,10,0.597763092532101
9845,7.0,2019,10,0.05118092456834911
9865,3.0,2019,10,0.2206801041682347
5161,11.0,2019,10,1.8087940870978911
7664,1.0,2019,10,2.1065466423808163
9704,5.0,2019,10,0.18470292483930695
9276,2.0,2019,10,0.10296397766103174
10883,4.0,2019,10,0.019870241303006127
5325,13.0,2019,10,0.15113425960771326
6926,12.0,2019,10,0.29820415167617526
9709,4.0,2019,10,0.13036082551820685
9139,3.0,2019,10,0.08911502160136081
7963,2.0,2019,10,0.16739172976471828
4902,14.0,2019,10,0.08520118619319295
9119,7.0,2019,10,0.4254038024416312
4754,14.0,2019,10,0.2543993015309118
8105,1.0,2019,10,0.12117836552212069
4443,12.0,2019,10,0.1387906248588761
8982,2.0,2019,10,0.5888816967981816
7804,1.0,2019,10,0.22941096777107073
9129,2.0,2019,10,0.11289909831253482
12487,6.0,2019,10,0.45460703587180684
12494,4.0,2019,10,0.1249416687992052
7513,12.0,2019,10,0.4100495250711264
5765,13.0,2019,10,0.2742695428339179
11293,7.0,2019,10,0.14902680977254595
10419,7.0,2019,10,0.7908958167120772
8082,8.0,2019,10,0.2543993015309118
8537,1.0,2019,10,1.5111920639460494
6925,12.0,2019,10,0.24265779530640813
10281,7.0,2019,10,0.13472625731962487
5175,12.0,2019,10,1.1024973280546733
8530,8.0,2019,10,0.6888350318375457
9124,2.0,2019,10,0.645331245954449
7656,11.0,2019,10,0.23392693170357215
7957,1.0,2019,10,1.969261338832774
9720,3.0,2019,10,0.22188436121690175
8097,1.0,2019,10,0.3013653264289263
7794,9.0,2019,10,0.1704023723863859
6209,14.0,2019,10,0.03763303277084494
7949,8.0,2019,10,0.262829100871581
7665,1.0,2019,10,0.7335430747693095
7950,1.0,2019,10,0.26042058677424695
7084,1.0,2019,10,0.8100133973596664
8088,8.0,2019,10,0.3248483388779335
3969,10.0,2019,10,0.07466393701735635
8850,3.0,2019,10,0.2649365507067484
5169,11.0,2019,10,0.03311706883834355
9004,3.0,2019,10,0.0572022098116843
9964,9.0,2019,10,0.3194291821589318
12174,7.0,2019,10,0.03191281178967651
9005,3.0,2019,10,0.2516897231714109
12640,4.0,2019,10,0.1204257048667038
6788,13.0,2019,10,1.3215215787809909
11735,7.0,2019,10,0.11922144781803676
9152,3.0,2019,10,0.133973596664208
5900,11.0,2019,10,0.14029594616970992
14516,6.0,2019,10,0.03371919736267706
7371,1.0,2019,10,0.12162996191537084
7511,12.0,2019,10,0.6459333744787825
8546,2.0,2019,10,0.5983652210564345
6640,13.0,2019,10,1.0708855805271635
6462,9.0,2019,10,0.7249627432975568
5471,13.0,2019,10,0.20532582679772998
7672,2.0,2019,10,0.44617723653113756
11734,7.0,2019,10,0.36157817886227817
9957,9.0,2019,10,0.06924478029835468
7788,9.0,2019,10,0.30949406150742875
6207,13.0,2019,10,0.420586774246963
6202,13.0,2019,10,0.9272779274736193
8839,2.0,2019,10,0.0817389471782752
7655,11.0,2019,10,0.6066444882660204
8084,8.0,2019,10,0.2543993015309118
8838,2.0,2019,10,0.12358687961945476
1772,10.0,2019,10,0.12373741175053815
7518,1.0,2019,10,0.9546747753307944
7219,12.0,2019,10,0.1598651232105493
8369,9.0,2019,10,0.03281600457617678
13890,nan,2019,10,0.10687781306919962
8820,8.0,2019,10,0.17612259336755431
12185,5.0,2019,10,0.4458761722689708
6506,14.0,2019,10,0.3070855474100947
7806,1.0,2019,10,0.20517529466664658
8836,2.0,2019,10,0.3697069139407807
12910,6.0,2019,10,0.6078487453146874
10877,5.0,2019,10,0.7939064593337448
9303,3.0,2019,10,0.07075010160918849
608,10.0,2019,10,0.18876729237855822
8538,1.0,2019,10,0.7040387770769672
7955,1.0,2019,10,1.1306468365672653
9410,7.0,2019,10,0.5249055410877452
11609,5.0,2019,10,0.325450467402267
6064,14.0,2019,10,0.7321882855895591
8825,7.0,2019,10,0.24356098809290844
8683,1.0,2019,10,0.6067950203971038
11596,6.0,2019,10,0.23513118875223918
7953,1.0,2019,10,0.37106170312053105
12324,6.0,2019,10,0.17160662943505292
2661,10.0,2019,10,0.22278755400340203
7934,9.0,2019,10,0.5997200102361849
6204,13.0,2019,10,0.8810645632310217
11288,7.0,2019,10,0.5286688443648297
10626,3.0,2019,10,0.03462239014917734
10594,4.0,2019,10,0.29203233430175674
9128,2.0,2019,10,0.2125513690897322
8064,9.0,2019,10,0.07225542292002228
7515,1.0,2019,10,0.17642365762972106
-1,0,2019,10,1.4315605666029412
8398,2.0,2019,10,0.8062500940825819
11291,7.0,2019,10,0.16061778386596617
7083,1.0,2019,10,1.823094639550812
6062,13.0,2019,10,0.3633845644352787
5303,11.0,2019,10,1.3864009272779274
11887,6.0,2019,10,0.15474703075371438
10891,3.0,2019,10,0.09664162815552979
9277,2.0,2019,10,0.2342279959657389
10884,4.0,2019,10,0.19117580647589227
7226,13.0,2019,10,1.9606810073610212
10443,4.0,2019,10,0.1872619710677244
11003,7.0,2019,10,0.14059701043187667
7081,nan,2019,10,0.3350845237916033
7815,2.0,2019,10,0.15474703075371438
7372,1.0,2019,10,0.5792476404088452
9275,2.0,2019,10,0.31702066806159773
6489,12.0,2019,10,0.8384639701344252
4409,10.0,2019,10,0.24687269497674277
9269,2.0,2019,10,0.2267013894115699
1336,10.0,2019,10,0.3675994641056134
7669,1.0,2019,10,0.350438801162108
7364,12.0,2019,10,0.2712589002122503
9131,2.0,2019,10,0.38460959491803526
7808,1.0,2019,10,0.3909319444235372
9270,2.0,2019,10,0.3203323749454321
7205,9.0,2019,10,0.6277189866176935
7964,2.0,2019,10,0.31641853953726423
8110,2.0,2019,10,1.266125754542307
1335,nan,2019,10,0.0602128524333519
7793,9.0,2019,10,2.1178365522120695
7659,12.0,2019,10,0.906956089777363
7349,9.0,2019,10,0.37964203459228374
7348,9.0,2019,10,1.067874937905496
8827,7.0,2019,10,0.42374794899971396
11737,7.0,2019,10,0.15745660911321518
8978,2.0,2019,10,0.35555689361894294
7784,9.0,2019,10,0.5063900889644894
9572,3.0,2019,10,0.3569116827986934
9430,3.0,2019,10,0.2522918516957445
12058,4.0,2019,10,0.292935527088257
8401,2.0,2019,10,0.26945251463924974
8101,1.0,2019,10,0.13547891797504177
10274,7.0,2019,10,0.2251960681007361
7954,1.0,2019,10,0.221583296954735
8860,3.0,2019,10,0.09182459996086165
8257,2.0,2019,10,0.29248393069500683
12169,7.0,2019,10,0.16167150878354986
6358,14.0,2019,10,0.4838102693019825
5617,12.0,2019,10,1.0665201487257456
7495,9.0,2019,10,0.6788999111860426
9126,2.0,2019,10,0.43323147325796696
4593,12.0,2019,10,0.22128223269256825
7516,1.0,2019,10,0.5166262738781593
7524,1.0,2019,10,0.1553491592780479
8545,2.0,2019,10,0.5669040056600081
8859,3.0,2019,10,0.1457151028887116
6940,14.0,2019,10,1.1003898782195058
10466,3.0,2019,10,0.03763303277084494
10008,4.0,2019,10,0.8565278258644307
5621,13.0,2019,10,0.2655386792310819
9115,7.0,2019,10,0.13156508256687388
8680,1.0,2019,10,0.27171049660550045
6206,13.0,2019,10,0.2884195631557556
6058,13.0,2019,10,0.6924478029835468
5742,11.0,2019,10,0.8173894717827521
7795,8.0,2019,10,0.28300040643675395
7232,1.0,2019,10,0.4389516942391353
6057,13.0,2019,10,0.6915446101970466
9274,2.0,2019,10,0.5529045174692538
7360,11.0,2019,10,0.9543737110686277
6935,nan,2019,10,0.22910990350890398
11451,6.0,2019,10,0.1837997320528067
7807,1.0,2019,10,0.6647498908642049
8392,1.0,2019,10,0.39725429392903916
6496,13.0,2019,10,0.7088558052716353
7523,1.0,2019,10,0.15805873763754874
7228,nan,2019,10,0.2629796330026644
6639,12.0,2019,10,0.04214899670334633
7653,11.0,2019,10,0.040643675392512534
7657,12.0,2019,10,0.21044391925456488
9995,5.0,2019,10,0.07376074423085607
9419,2.0,2019,10,0.06804052324968764
4413,10.0,2019,10,0.01806385573000557
2209,10.0,2019,10,0.015354277370504734
14036,nan,2019,10,0.02438620523550752
8974,7.0,2019,10,0.4056840932697084
6643,13.0,2019,10,0.1564028841956316
7654,11.0,2019,10,0.15896193042404902
5038,13.0,2019,10,0.021676626876006685
2221,10.0,2019,10,0.026192590808508075
12049,5.0,2019,10,0.01806385573000557
13054,6.0,2019,10,0.07044903734702172
7943,8.0,2019,10,0.15745660911321518
7944,8.0,2019,10,0.05479369571435023
9842,7.0,2019,10,0.03040749047884271
10427,7.0,2019,10,0.05268624587918291
9554,7.0,2019,10,0.12750071502762264
13891,nan,2019,10,0.05118092456834911
13201,6.0,2019,10,0.036729839984344655
7519,1.0,2019,10,0.3001610693802592
9574,3.0,2019,10,0.05148198883051587
7082,nan,2019,10,0.10145865635019793
6350,13.0,2019,10,0.24416311661724197
9862,4.0,2019,10,0.016558534419171773
7377,1.0,2019,10,0.24958227333624364
9996,5.0,2019,10,0.1279523114208728
7650,8.0,2019,10,0.04726708916018124
8111,2.0,2019,10,0.015956405894838255
6779,12.0,2019,10,0.04937453899534856
6641,13.0,2019,10,0.42103837064021316
6787,13.0,2019,10,0.3757281991841158
9857,4.0,2019,10,0.27592539627583507
6936,1.0,2019,10,0.5464316358326684
6642,13.0,2019,10,0.11952251208020351
12189,5.0,2019,10,0.012042570486670378
9699,7.0,2019,10,0.07376074423085607
8980,2.0,2019,10,0.22338968252773553
7509,11.0,2019,10,0.061417109482018936
9711,4.0,2019,10,0.08881395733919405
10717,7.0,2019,10,0.052234649485932774
6065,14.0,2019,10,0.03191281178967651
7376,1.0,2019,10,0.3782872454125333
7381,2.0,2019,10,0.09227619635411177
10453,3.0,2019,10,0.021977691138173445
11325,4.0,2019,10,0.07902936881877437
7073,12.0,2019,10,0.1279523114208728
1628,10.0,2019,10,0.06262136653068598
2076,10.0,2019,10,0.014451084584004455
8681,7.0,2019,10,0.1717571615661363
7222,12.0,2019,10,0.05735274194276768
9567,4.0,2019,10,0.03853622555734521
13108,nan,2019,10,0.024085140973340757
8094,8.0,2019,10,0.16167150878354986
7225,13.0,2019,10,0.3433637910011892
8385,8.0,2019,10,0.10085652782586442
6789,13.0,2019,10,0.17717631828513797
7660,1.0,2019,10,0.4704129096355617
8239,8.0,2019,10,0.09272779274736193
7917,9.0,2019,10,0.03763303277084494
12786,4.0,2019,10,0.0075266065541689875
7085,1.0,2019,10,0.350438801162108
9426,2.0,2019,10,0.04365431801418013
6937,1.0,2019,10,0.48682091192365007
9121,1.0,2019,10,0.4811006909424817
8075,9.0,2019,10,0.021375562613839924
9994,5.0,2019,10,0.09829748159744697
6790,1.0,2019,10,0.4251027381794644
7941,8.0,2019,10,0.023784076711174
7818,2.0,2019,10,0.014150020321837696
6072,14.0,2019,10,0.03055802260992609
10724,5.0,2019,10,0.027095783595008357
9264,7.0,2019,10,0.1509837274766299
1918,10.0,2019,10,0.039740482606012255
7526,2.0,2019,10,0.06518041275910343
8984,2.0,2019,10,0.18169228221763936
9421,2.0,2019,10,0.20517529466664658
8674,8.0,2019,10,0.06081498095768542
6352,13.0,2019,10,0.03432132588701058
11743,6.0,2019,10,0.015655341632671495
9414,5.0,2019,10,0.0817389471782752
3247,10.0,2019,10,0.01685959868133853
7231,1.0,2019,10,0.43579051948638436
5917,14.0,2019,10,0.010537249175836582
6499,14.0,2019,10,0.06954584456052144
9866,3.0,2019,10,0.07812617603227408
12285,nan,2019,10,0.029504297692342432
9280,2.0,2019,10,0.06081498095768542
7367,12.0,2019,10,0.09543737110686276
9849,5.0,2019,10,0.014150020321837696
12760,6.0,2019,10,0.01806385573000557
7365,12.0,2019,10,0.07978202947419126
9850,5.0,2019,10,0.04515963932501393
7223,13.0,2019,10,0.023784076711174
6922,12.0,2019,10,0.027095783595008357
7218,12.0,2019,10,0.09965227077719739
6187,11.0,2019,10,0.016558534419171773
8682,1.0,2019,10,0.14225286387379385
4885,12.0,2019,10,0.012644699011003898
7366,12.0,2019,10,0.09634056389336303
6172,9.0,2019,10,0.01685959868133853
6941,14.0,2019,10,0.08730863602836025
9123,2.0,2019,10,0.25394770513766163
9420,2.0,2019,10,0.3025695834775933
10142,5.0,2019,10,0.020171305565172888
8975,1.0,2019,10,0.25078653038491067
10593,4.0,2019,10,0.03221387605184327
7221,12.0,2019,10,0.10326504192319852
9705,5.0,2019,10,0.08580331471752646
6777,12.0,2019,10,0.02498833375984104
7940,9.0,2019,10,0.022278755400340203
4408,10.0,2019,10,0.24416311661724197
7512,12.0,2019,10,0.5833120079480966
8972,7.0,2019,10,0.18741250319880778
9117,7.0,2019,10,0.14752148846171215
14367,6.0,2019,10,0.03462239014917734
6600,9.0,2019,10,0.015354277370504734
5756,11.0,2019,10,0.026794719332841596
7227,nan,2019,10,0.09393204979602895
17026,nan,2019,10,0.04862187833993166
8970,7.0,2019,10,0.025590462284174557
8536,1.0,2019,10,0.029203233430175668
6933,13.0,2019,10,0.21721786515331698
10571,7.0,2019,10,0.025289398022007796
10137,5.0,2019,10,0.019870241303006127
9706,5.0,2019,10,0.10206078487453148
7071,12.0,2019,10,0.07255648718218903
9118,7.0,2019,10,0.08354533275127576
7674,2.0,2019,10,0.05118092456834911
10152,4.0,2019,10,0.025891526546341317
9263,7.0,2019,10,0.19674549532597732
6351,13.0,2019,10,0.10281344552994837
4886,12.0,2019,10,0.019268112778672606
9848,5.0,2019,10,0.029504297692342432
6346,12.0,2019,10,0.01806385573000557
10306,3.0,2019,10,0.021977691138173445
11597,6.0,2019,10,0.02980536195450919
7797,8.0,2019,10,0.0602128524333519
7048,9.0,2019,10,0.012042570486670378
1777,10.0,2019,10,0.0030106426216675946
7363,11.0,2019,10,0.020773434089506403
6362,14.0,2019,10,0.022278755400340203
8989,2.0,2019,10,0.022579819662506963
9411,7.0,2019,10,0.08459905766885942
8973,7.0,2019,10,0.3268052565820174
9559,5.0,2019,10,0.1619725730457166
9266,7.0,2019,10,0.1004049314326143
11297,7.0,2019,10,0.025289398022007796
8826,7.0,2019,10,0.21857265433306738
8979,2.0,2019,10,0.15956405894838252
9267,7.0,2019,10,0.18244494287305624
7233,1.0,2019,10,0.15444596649154763
9425,2.0,2019,10,0.1649832156673842
11015,5.0,2019,10,0.020171305565172888
7379,1.0,2019,10,0.08911502160136081
8971,7.0,2019,10,0.1366831750237088
10426,7.0,2019,10,0.027998976381508632
1627,10.0,2019,10,0.03597717932892776
8092,8.0,2019,10,0.08520118619319295
10716,7.0,2019,10,0.02288088392467372
7368,12.0,2019,10,0.09453417832036248
14242,6.0,2019,10,0.02438620523550752
9700,7.0,2019,10,0.06156764161310232
9856,4.0,2019,10,0.029203233430175668
6198,12.0,2019,10,0.054191567190016714
10131,7.0,2019,10,0.018665984254339088
6791,14.0,2019,10,0.2072827445018139
9092,9.0,2019,10,0.010537249175836582
8391,1.0,2019,10,0.1285544399452063
8981,2.0,2019,10,0.04621336424259759
1482,10.0,2019,10,0.052234649485932774
5786,14.0,2019,10,0.009031927865002785
3834,10.0,2019,10,0.014150020321837696
9993,5.0,2019,10,0.03853622555734521
13328,7.0,2019,10,0.010537249175836582
13629,nan,2019,10,0.024085140973340757
10161,3.0,2019,10,0.01806385573000557
12463,7.0,2019,10,0.013848956059670937
8692,2.0,2019,10,0.07812617603227408
10276,7.0,2019,10,0.008128735078502506
9431,3.0,2019,10,0.012945763273170659
6495,13.0,2019,10,0.1672411976336349
3824,10.0,2019,10,0.007827670816335747
9120,7.0,2019,10,0.23874395989824027
11030,4.0,2019,10,0.006924478029835469
7805,1.0,2019,10,0.2236907467899023
13678,nan,2019,10,0.027396847857175114
9268,5.0,2019,10,0.05238518161701615
9408,7.0,2019,10,0.04967560325751532
16642,nan,2019,10,0.022579819662506963
8238,8.0,2019,10,0.05208411735484939
9135,2.0,2019,10,0.033418133100510304
7378,1.0,2019,10,0.07722298324577381
9422,2.0,2019,10,0.06081498095768542
6939,14.0,2019,10,0.03161174752750975
6026,9.0,2019,10,0.0048170281946681515
7671,2.0,2019,10,0.10266291339886499
10317,3.0,2019,10,0.022579819662506963
9132,2.0,2019,10,0.041546868179012805
11025,4.0,2019,10,0.020171305565172888
19027,nan,2019,10,0.0075266065541689875
8089,8.0,2019,10,0.027998976381508632
7380,2.0,2019,10,0.06201923800635245
3818,10.0,2019,10,0.012042570486670378
9555,7.0,2019,10,0.11741506224503621
10870,5.0,2019,10,0.02860110490584215
8096,1.0,2019,10,0.05343890653459981
6060,13.0,2019,10,0.14752148846171215
8095,1.0,2019,10,0.07872830455660759
1484,10.0,2019,10,0.02318194818684048
10280,7.0,2019,10,0.01234363474883714
8763,nan,2019,10,0.010838313438003342
7528,2.0,2019,10,0.12102783339103731
10725,5.0,2019,10,0.027246315726091735
6778,12.0,2019,10,0.02348301244900724
1773,10.0,2019,10,0.03311706883834355
10452,3.0,2019,10,0.021225030482756542
8837,2.0,2019,10,0.052987310141349664
8244,1.0,2019,10,0.02965482982342581
1337,10.0,2019,10,0.06954584456052144
7220,12.0,2019,10,0.05238518161701615
10295,4.0,2019,10,0.020472369827339645
6921,11.0,2019,10,0.01806385573000557
1919,10.0,2019,10,0.013547891797504178
9434,3.0,2019,10,0.0075266065541689875
13070,6.0,2019,10,0.021676626876006685
10437,5.0,2019,10,0.01685959868133853
899,10.0,2019,10,0.03928888621276211
7352,9.0,2019,10,0.031160151134259607
11010,7.0,2019,10,0.007827670816335747
9719,3.0,2019,10,0.03311706883834355
9302,3.0,2020,08,0.008429799340669265
10004,4.0,2019,10,0.02498833375984104
12310,7.0,2019,10,0.010838313438003342
11027,4.0,2019,10,0.007827670816335747
753,nan,2019,10,0.02348301244900724
6205,13.0,2019,10,0.24867908054974336
5923,14.0,2019,10,0.01174150622450362
1630,10.0,2019,10,0.03597717932892776
2515,10.0,2019,10,0.019569177040839367
10003,4.0,2019,10,0.040794207523595916
10428,7.0,2020,08,0.01174150622450362
8235,8.0,2019,10,0.0490734747331818
8813,8.0,2019,10,0.018364919992172327
1191,10.0,2019,10,0.027998976381508632
7933,9.0,2019,10,0.020472369827339645
10727,5.0,2019,10,0.008429799340669265
8256,2.0,2019,10,0.0632234950550195
7525,1.0,2019,10,0.027246315726091735
7075,12.0,2019,10,0.024085140973340757
8093,8.0,2019,10,0.1598651232105493
8388,1.0,2019,10,0.021074498351673163
10135,7.0,2019,10,0.03582664719784438
10863,7.0,2019,10,0.04290165735876323
4116,10.0,2019,10,0.025891526546341317
7211,11.0,2020,06,0.004214899670334633
8547,2.0,2019,10,0.02980536195450919
10707,8.0,2019,10,0.01806385573000557
12180,6.0,2019,10,0.020472369827339645
6316,9.0,2019,10,0.010537249175836582
7072,12.0,2019,10,0.17582152910538756
1409,14.0,2019,10,0.006021285243335189
5469,12.0,2019,10,0.009031927865002785
9433,3.0,2019,10,0.011139377700170101
12617,6.0,2019,10,0.013246827535337416
7499,9.0,2019,10,0.009634056389336303
7514,1.0,2019,10,0.10085652782586442
8243,1.0,2019,10,0.03552558293567762
9998,5.0,2019,10,0.0364287757221779
6059,13.0,2019,10,0.05103039243726574
10718,7.0,2019,10,0.05057879604401559
3975,10.0,2019,10,0.006322349505501949
7215,11.0,2019,10,0.013246827535337416
4121,10.0,2019,10,0.0030106426216675946
10573,7.0,2019,10,0.024085140973340757
2800,10.0,2019,10,0.006021285243335189
9820,9.0,2019,10,0.003913835408167874
6776,12.0,2019,10,0.007225542292002228
9868,3.0,2019,10,0.007827670816335747
9262,7.0,2019,10,0.08128735078502507
7498,9.0,2019,10,0.003311706883834354
9284,3.0,2019,10,0.01174150622450362
6053,12.0,2019,10,0.026794719332841596
9858,4.0,2019,10,0.0662341376766871
9252,8.0,2019,10,0.003612771146001114
10574,5.0,2019,10,0.014752148846171216
10864,7.0,2019,10,0.1619725730457166
8675,8.0,2019,10,0.018364919992172327
9150,3.0,2019,10,0.0030106426216675946
7945,8.0,2019,10,0.012945763273170659
8548,2.0,2019,10,0.21074498351673163
5734,9.0,2019,10,0.0021074498351673163
8226,9.0,2019,10,0.003311706883834354
1704,14.0,2019,10,0.0030106426216675946
6061,13.0,2019,10,0.017461727205672052
7510,11.0,2019,10,0.03161174752750975
8529,8.0,2019,10,0.008128735078502506
6193,11.0,2019,10,0.010236184913669823
6490,12.0,2019,10,0.007225542292002228
8228,8.0,2019,10,0.004214899670334633
3859,12.0,2019,10,0.006021285243335189
8691,2.0,2019,10,0.02438620523550752
7350,9.0,2019,10,0.005419156719001671
8079,9.0,2019,10,0.010838313438003342
8227,8.0,2019,10,0.006924478029835469
2370,10.0,2019,10,0.003612771146001114
6636,12.0,2019,10,0.02980536195450919
11031,4.0,2019,10,0.006322349505501949
3860,12.0,2019,10,0.011289909831253482
11442,7.0,2019,10,0.02318194818684048
7086,1.0,2019,10,0.010537249175836582
7353,9.0,2019,10,0.01174150622450362
10865,7.0,2019,10,0.013848956059670937
1044,nan,2019,10,0.009332992127169544
5787,14.0,2019,10,0.01144044196233686
4151,12.0,2019,10,0.006322349505501949
754,10.0,2019,10,0.003311706883834354
6482,11.0,2019,10,0.0030106426216675946
9136,2.0,2019,10,0.01896704851650585
11744,6.0,2019,10,0.009634056389336303
9721,3.0,2019,10,0.023784076711174
14077,6.0,2019,10,0.003311706883834354
10572,7.0,2019,10,0.041697400310096194
6317,9.0,2019,10,0.003311706883834354
8945,9.0,2019,10,0.0030106426216675946
6186,11.0,2019,10,0.005118092456834911
6755,9.0,2019,10,0.003311706883834354
10282,7.0,2019,10,0.03432132588701058
6314,9.0,2019,10,0.0030106426216675946
8379,8.0,2019,10,0.01174150622450362
5769,14.0,2019,10,0.028149508512592014
9698,7.0,2019,10,0.008128735078502506
4607,13.0,2019,10,0.006322349505501949
11886,6.0,2019,10,0.003311706883834354
12472,6.0,2019,10,0.0030106426216675946
9708,4.0,2019,10,0.009634056389336303
6049,12.0,2019,10,0.005419156719001671
7517,1.0,2019,10,0.32499887100901687
6927,12.0,2019,10,0.07993256160527465
8087,8.0,2019,10,0.009634056389336303
13938,6.0,2019,10,0.006021285243335189
2222,10.0,2019,10,0.010236184913669823
12176,6.0,2019,10,0.006021285243335189
9575,3.0,2019,10,0.032514940314010025
10141,5.0,2019,10,0.013547891797504178
5492,14.0,2019,10,0.027095783595008357
7357,11.0,2019,10,0.010537249175836582
7362,11.0,2019,10,0.019268112778672606
12460,7.0,2019,10,0.003913835408167874
12315,7.0,2019,10,0.006322349505501949
6215,14.0,2019,10,0.022579819662506963
2382,11.0,2019,10,0.0048170281946681515
7942,8.0,2019,10,0.006623413767668708
8091,8.0,2019,10,0.014752148846171216
9300,3.0,2019,10,0.0030106426216675946
10308,3.0,2019,10,0.0021074498351673163
5019,11.0,2019,10,0.0030106426216675946
9569,4.0,2019,10,0.006924478029835469
3384,10.0,2019,10,0.003311706883834354
7946,8.0,2019,10,0.03131068326534299
5757,12.0,2019,10,0.003311706883834354
10465,3.0,2019,10,0.003311706883834354
8645,9.0,2019,10,0.0030106426216675946
8237,8.0,2019,10,0.007225542292002228
11890,6.0,2019,10,0.003311706883834354
12457,7.0,2019,10,0.0030106426216675946
6795,14.0,2019,10,0.07917990094985775
8550,2.0,2019,10,0.014451084584004455
6052,12.0,2019,10,0.003311706883834354
9854,4.0,2019,10,0.013848956059670937
4257,10.0,2019,10,0.01716066294350529
8255,2.0,2019,10,0.02288088392467372
3681,10.0,2019,10,0.003311706883834354
10140,5.0,2019,10,0.07105116587135524
4565,10.0,2019,10,0.005118092456834911
9730,3.0,2019,10,0.003311706883834354
1338,10.0,2019,10,0.026493655070674832
6349,13.0,2019,10,0.3194291821589318
6794,14.0,2019,10,0.04937453899534856
9982,7.0,2019,10,0.026493655070674832
4547,10.0,2019,10,0.006924478029835469
4550,10.0,2019,10,0.0048170281946681515
10114,8.0,2019,10,0.0045159639325013925
1774,10.0,2019,10,0.02318194818684048
9133,2.0,2019,10,0.06894371603618793
7796,8.0,2019,10,0.016558534419171773
13641,6.0,2019,10,0.003311706883834354
7675,2.0,2019,10,0.0027095783595008356
11739,6.0,2019,10,0.003311706883834354
6634,12.0,2019,10,0.016558534419171773
11598,6.0,2019,10,0.007225542292002228
7354,9.0,2019,10,0.0030106426216675946
8965,8.0,2019,10,0.003311706883834354
4110,10.0,2019,10,0.003311706883834354
9852,5.0,2019,10,0.045460703587180684
4899,13.0,2019,10,0.003311706883834354
11473,4.0,2019,10,0.003311706883834354
4755,14.0,2019,10,0.003311706883834354
9864,3.0,2019,10,0.014451084584004455
10841,9.0,2019,10,0.0030106426216675946
6920,11.0,2019,10,0.07225542292002228
14223,6.0,2019,10,0.0030106426216675946
9527,9.0,2019,10,0.0030106426216675946
7487,9.0,2019,10,0.0045159639325013925
6348,13.0,2019,10,0.11259803405036806
2659,10.0,2019,10,0.012644699011003898
15824,6.0,2019,10,0.0030106426216675946
6047,11.0,2019,10,0.006322349505501949
3873,13.0,2019,10,0.0030106426216675946
8090,8.0,2019,10,0.010537249175836582
6628,11.0,2019,10,0.010236184913669823
9851,5.0,2019,10,0.03703090424651142
12459,7.0,2019,10,0.00572022098116843
11304,6.0,2019,10,0.01234363474883714
9432,3.0,2019,10,0.015956405894838255
9556,7.0,2019,10,0.018364919992172327
9570,4.0,2019,10,0.0075266065541689875
10726,5.0,2019,10,0.016106938025921634
1922,10.0,2019,10,0.0075266065541689875
6908,9.0,2019,10,0.006322349505501949
6217,14.0,2019,10,0.015956405894838255
11016,5.0,2019,10,0.019569177040839367
3250,10.0,2019,10,0.005118092456834911
8098,1.0,2019,10,0.06126657735093556
1776,10.0,2019,10,0.025891526546341317
9424,2.0,2019,10,0.06171817374418569
8828,1.0,2019,10,0.04275112522767985
10885,4.0,2019,10,0.009935120651503064
6481,11.0,2019,10,0.006322349505501949
5324,13.0,2019,10,0.0030106426216675946
7052,9.0,2019,10,0.01640800228808839
10869,5.0,2019,10,0.01971970917192275
5914,13.0,2019,10,0.04666496063584772
8375,8.0,2019,10,0.006021285243335189
12164,7.0,2019,10,0.004214899670334633
4120,10.0,2019,10,0.003311706883834354
10151,4.0,2019,10,0.01806385573000557
3673,10.0,2019,10,0.0031611747527509745
6497,13.0,2019,10,0.031009619003176225
7050,9.0,2019,10,0.003913835408167874
7820,2.0,2019,10,0.006322349505501949
9236,9.0,2019,10,0.0048170281946681515
12313,7.0,2019,10,0.009031927865002785
8986,2.0,2019,10,0.016558534419171773
6651,14.0,2019,10,0.005118092456834911
9573,3.0,2019,10,0.061417109482018936
7507,11.0,2019,10,0.03402026162484382
10296,4.0,2019,10,0.01776279146783881
10149,4.0,2019,10,0.03131068326534299
5149,10.0,2019,10,0.015655341632671495
6904,9.0,2019,10,0.012644699011003898
10715,7.0,2019,10,0.007827670816335747
9576,3.0,2019,10,0.01806385573000557
8372,9.0,2019,10,0.020773434089506403
1629,10.0,2019,10,0.022429287531423585
10305,3.0,2019,10,0.01896704851650585
12619,6.0,2019,10,0.005118092456834911
3994,11.0,2019,10,0.005118092456834911
13199,6.0,2019,10,0.0045159639325013925
4125,10.0,2019,10,0.005118092456834911
4693,10.0,2019,10,0.0075266065541689875
3569,12.0,2019,10,0.012644699011003898
8370,9.0,2019,10,0.03176227965859313
7527,2.0,2019,10,0.02468726949767428
6780,12.0,2019,10,0.05404103505893333
6781,12.0,2019,10,0.11696346585178607
5755,11.0,2019,10,0.009332992127169544
14224,6.0,2019,10,0.009031927865002785
10158,4.0,2019,10,0.006322349505501949
10730,5.0,2019,10,0.01234363474883714
1045,10.0,2019,10,0.03402026162484382
9859,4.0,2019,10,0.006021285243335189
10418,7.0,2019,10,0.009634056389336303
3382,10.0,2019,10,0.009332992127169544
10130,7.0,2019,10,0.012644699011003898
9991,7.0,2019,10,0.007225542292002228
8081,8.0,2019,10,0.013547891797504178
9279,2.0,2019,10,0.009031927865002785
15968,6.0,2019,10,0.01234363474883714
8987,2.0,2019,10,0.023784076711174
10862,7.0,2019,10,0.033418133100510304
3735,14.0,2019,10,0.009031927865002785
7640,9.0,2019,10,0.012945763273170659
11592,7.0,2019,10,0.009634056389336303
10436,5.0,2019,10,0.03703090424651142
7500,9.0,2019,10,0.012644699011003898
9725,3.0,2019,10,0.006322349505501949
9997,5.0,2019,10,0.025289398022007796
11655,nan,2019,10,0.0075266065541689875
8983,2.0,2019,10,0.009935120651503064
4415,10.0,2019,10,0.006322349505501949
12329,6.0,2019,10,0.006021285243335189
7508,11.0,2019,10,0.05569688850085051
11324,4.0,2019,10,0.006021285243335189
14954,6.0,2019,10,0.010838313438003342
6918,11.0,2019,10,0.009935120651503064
8985,2.0,2019,10,0.020472369827339645
9261,7.0,2019,10,0.013246827535337416
9238,9.0,2019,10,0.009332992127169544
10145,5.0,2019,10,0.01776279146783881
1046,10.0,2019,10,0.02348301244900724
3725,13.0,2019,10,0.006021285243335189
6786,13.0,2019,10,0.05328837440351643
12473,6.0,2019,10,0.009634056389336303
12018,7.0,2019,10,0.0045159639325013925
8819,8.0,2019,10,0.003311706883834354
4126,10.0,2019,10,0.007827670816335747
7641,9.0,2019,10,0.007376074423085608
6800,15.0,2019,10,0.003913835408167874
7803,1.0,2019,10,0.005569688850085051
13202,6.0,2019,10,0.0045159639325013925
11004,7.0,2019,10,0.0048170281946681515
3251,10.0,2020,08,0.0027095783595008356
5355,14.0,2019,10,0.006322349505501949
8077,9.0,2019,10,0.009332992127169544
11882,7.0,2020,08,0.0075266065541689875
4711,10.0,2020,05,0.0025590462284174557
3993,11.0,2019,10,0.008429799340669265
8381,8.0,2019,10,0.039740482606012255
6653,14.0,2019,10,0.031009619003176225
6631,12.0,2019,10,0.267947193328416
5770,14.0,2019,10,0.009483524258252924
5759,12.0,2019,10,0.06894371603618793
5766,13.0,2019,10,0.126446990110039
6630,12.0,2019,10,0.03913835408167873
5616,12.0,2019,10,0.09664162815552979
9869,3.0,2019,10,0.08670650750402674
5775,14.0,2019,10,0.14029594616970992
9722,3.0,2019,10,0.19057367795155877
8402,2.0,2019,10,0.0394394183438455
11163,5.0,2019,10,0.021375562613839924
10580,5.0,2019,10,0.1324682753533742
6050,12.0,2019,10,0.07195435865785552
5329,13.0,2019,10,0.12343634748837139
13497,6.0,2019,10,0.003612771146001114
6494,13.0,2019,10,0.08068522226069155
5588,9.0,2019,10,0.14300552452921078
13200,6.0,2019,10,0.07014797308485496
4438,12.0,2019,10,0.349234544113441
9984,7.0,2019,10,0.10838313438003343
13932,6.0,2019,10,0.10537249175836581
5619,13.0,2019,10,0.038235161295178455
5920,14.0,2019,10,0.01685959868133853
11908,4.0,2019,10,0.059008595384684864
11161,5.0,2019,10,0.06352455931718626
7642,9.0,2019,10,0.032514940314010025
9558,7.0,2019,10,0.16257470157005013
5186,13.0,2019,10,0.30437596905059383
6633,12.0,2019,10,0.03612771146001114
4894,13.0,2019,10,0.03311706883834355
5639,14.0,2019,10,0.12825337568303954
6635,12.0,2019,10,0.03612771146001114
5921,14.0,2019,10,0.025891526546341317
10298,4.0,2019,10,0.07075010160918849
6216,14.0,2019,10,0.04275112522767985
10164,3.0,2019,10,0.2763769926690852
12168,7.0,2019,10,0.038235161295178455
5333,13.0,2019,10,0.1324682753533742
5208,14.0,2019,10,0.0379340970330117
10444,4.0,2019,10,0.3510409296864415
6469,9.0,2019,10,0.04395538227634689
1631,10.0,2019,10,0.0460628321115142
6336,11.0,2019,10,0.03763303277084494
6626,11.0,2019,10,0.1857566497568906
7767,9.0,2019,10,0.06849211964293779
5323,12.0,2019,10,0.08610437897969321
4136,11.0,2019,10,0.08279267209585886
6219,14.0,2019,10,0.09423311405819573
9286,3.0,2019,10,0.05991178817118514
10129,7.0,2019,10,0.08128735078502507
5931,14.0,2019,10,0.022579819662506963
5922,14.0,2019,10,0.04576176784934744
5491,14.0,2019,10,0.0906203429121946
5907,12.0,2019,10,0.1368337071547922
6650,14.0,2019,07,0.06533094489018682
6199,12.0,2019,10,0.10732940946244976
6507,14.0,2019,10,0.11169484126386776
6479,11.0,2019,10,0.034923454411344104
11177,4.0,2019,10,0.12373741175053815
6334,11.0,2019,10,0.07827670816335747
9989,7.0,2019,10,0.025289398022007796
6798,14.0,2019,10,0.02965482982342581
6048,12.0,2019,10,0.007376074423085608
7054,9.0,2019,10,0.005118092456834911
4329,14.0,2019,10,0.0030106426216675946
462,10.0,2019,10,0.003311706883834354
9287,3.0,2019,10,0.005419156719001671
4416,10.0,2019,10,0.0048170281946681515
6502,14.0,2019,10,0.005419156719001671
4313,13.0,2019,10,0.0030106426216675946
5743,11.0,2019,10,0.018364919992172327
4554,10.0,2019,10,0.006021285243335189
6943,1.0,2019,10,0.14360765305354428
1190,10.0,2019,10,0.04485857506284717
12338,5.0,2019,10,0.014150020321837696
13517,nan,2019,10,0.054191567190016714
14952,6.0,2019,10,0.005118092456834911
4150,12.0,2019,10,0.003311706883834354
3717,12.0,2019,10,0.012042570486670378
10584,5.0,2019,10,0.007827670816335747
7069,12.0,2019,10,0.02348301244900724
12312,7.0,2019,10,0.005118092456834911
5177,12.0,2019,10,0.003311706883834354
9983,7.0,2019,10,0.021977691138173445
7800,11.0,2019,10,0.01761225933675543
10310,3.0,2019,10,0.03191281178967651
7791,9.0,2019,10,0.0030106426216675946
9450,3.0,2019,10,0.003311706883834354
2514,10.0,2019,10,0.008128735078502506
9553,7.0,2019,10,0.058556998991434725
7658,12.0,2019,10,0.11169484126386776
9125,2.0,2019,10,0.05479369571435023
10136,5.0,2019,10,0.026644187201758214
11026,4.0,2019,10,0.023784076711174
2701,13.0,2019,10,0.02498833375984104
4262,10.0,2019,10,0.0045159639325013925
9407,7.0,2019,10,0.009634056389336303
18487,nan,2019,10,0.005419156719001671
9116,7.0,2019,10,0.06804052324968764
12056,4.0,2019,10,0.01896704851650585
1775,10.0,2019,10,0.025891526546341317
8374,8.0,2019,10,0.006322349505501949
8232,8.0,2019,10,0.01234363474883714
5904,12.0,2019,10,0.01806385573000557
8241,1.0,2019,10,0.06472881636585329
7952,1.0,2019,10,0.12840390781412292
9096,9.0,2019,10,0.0045159639325013925
6344,12.0,2019,10,0.033418133100510304
5640,14.0,2019,10,0.019569177040839367
12752,7.0,2019,10,0.0015053213108337973
17175,nan,2019,10,0.010537249175836582
7078,13.0,2019,10,0.01806385573000557
7816,2.0,2019,10,0.01716066294350529
3982,10.0,2019,10,0.013547891797504178
7802,8.0,2019,10,0.026493655070674832
6200,12.0,2019,10,0.04004154686817901
12019,7.0,2019,10,0.008730863602836026
10012,3.0,2019,10,0.019268112778672606
8618,nan,2019,10,0.0030106426216675946
10309,3.0,2019,10,0.010537249175836582
8387,1.0,2020,08,0.0048170281946681515
8362,9.0,2019,10,0.006924478029835469
5473,13.0,2019,10,0.003311706883834354
6782,12.0,2019,10,0.02438620523550752
11470,4.0,2019,10,0.0021074498351673163
9844,7.0,2019,10,0.0075266065541689875
7074,12.0,2019,10,0.01896704851650585
5916,14.0,2019,10,0.01806385573000557
6195,12.0,2019,10,0.0030106426216675946
4007,12.0,2019,10,0.006021285243335189
2517,10.0,2019,10,0.003612771146001114
14530,6.0,2019,10,0.014752148846171216
6480,11.0,2019,10,0.003913835408167874
5771,14.0,2019,10,0.0030106426216675946
2067,10.0,2019,10,0.016558534419171773
6054,12.0,2019,10,0.012042570486670378
12367,nan,2019,10,0.004214899670334633
9561,4.0,2019,10,0.008128735078502506
5774,14.0,2019,10,0.02318194818684048
5625,13.0,2019,10,0.0030106426216675946
13746,nan,2019,10,0.015053213108337975
17528,nan,2019,10,0.0075266065541689875
9726,3.0,2019,10,0.0045159639325013925
9282,2.0,2019,10,0.008128735078502506
14499,nan,2019,10,0.0030106426216675946
8382,8.0,2019,10,0.01144044196233686
6218,14.0,2019,10,0.006773945898752089
7821,2.0,2019,10,0.01851545212325571
18837,nan,2019,10,0.006021285243335189
10150,4.0,2019,10,0.018364919992172327
13493,6.0,2019,10,0.006021285243335189
2530,11.0,2019,10,0.019569177040839367
5744,11.0,2019,10,0.0015053213108337973
6775,12.0,2019,10,0.010386717044753201
9731,3.0,2019,10,0.001806385573000557
6924,12.0,2019,10,0.01806385573000557
8676,8.0,2019,10,0.012795231142087278
5185,13.0,2019,10,0.0027095783595008356
10742,4.0,2019,10,0.009332992127169544
9585,3.0,2019,10,0.0045159639325013925
7216,12.0,2019,10,0.003612771146001114
10299,4.0,2019,10,0.010236184913669823
9278,2.0,2019,10,0.008580331471752646
9579,3.0,2019,10,0.009935120651503064
7935,9.0,2019,10,0.006322349505501949
9702,7.0,2019,10,0.008128735078502506
10873,5.0,2019,10,0.010537249175836582
9301,3.0,2019,10,0.0048170281946681515
6649,14.0,2019,10,0.03010642621667595
5733,9.0,2019,10,0.004967560325751532
8230,8.0,2019,10,0.01174150622450362
8085,8.0,2019,10,0.003913835408167874
6364,14.0,2019,10,0.003311706883834354
12455,7.0,2019,10,0.009634056389336303
5912,13.0,2019,10,0.0048170281946681515
9718,3.0,2019,10,0.010236184913669823
10583,5.0,2019,10,0.016558534419171773
7961,2.0,2019,10,0.012042570486670378
9429,3.0,2019,10,0.01144044196233686
8214,9.0,2019,10,0.007827670816335747
5906,12.0,2019,10,0.010988845569086723
6070,14.0,2019,10,0.0045159639325013925
12467,6.0,2019,10,0.0027095783595008356
8672,8.0,2019,10,0.009634056389336303
10290,5.0,2019,10,0.027095783595008357
8821,8.0,2019,10,0.008730863602836026
9281,2.0,2019,10,0.01716066294350529
10728,5.0,2019,10,0.008128735078502506
4298,12.0,2019,10,0.003311706883834354
17123,nan,2019,10,0.009031927865002785
10719,7.0,2019,10,0.006924478029835469
7067,11.0,2019,10,0.012042570486670378
11591,7.0,2019,10,0.0048170281946681515
3579,13.0,2019,10,0.006021285243335189
7636,9.0,2019,10,0.0045159639325013925
8673,8.0,2019,10,0.008128735078502506
3863,12.0,2019,10,0.0048170281946681515
3552,11.0,2019,10,0.020773434089506403
9283,3.0,2019,10,0.006623413767668708
4109,10.0,2019,10,0.005419156719001671
6467,9.0,2019,10,0.008429799340669265
10582,5.0,2019,10,0.021074498351673163
7066,11.0,2019,10,0.007225542292002228
10744,4.0,2019,10,0.0030106426216675946
7358,11.0,2019,10,0.013397359666420798
6762,9.0,2019,10,0.006021285243335189
8216,9.0,2019,10,0.0048170281946681515
7063,11.0,2019,10,0.001806385573000557
6928,12.0,2019,10,0.022579819662506963
9110,8.0,2019,10,0.008128735078502506
9138,3.0,2019,10,0.008128735078502506
1192,10.0,2019,10,0.021676626876006685
8234,8.0,2019,10,0.009634056389336303
7234,1.0,2019,10,0.008730863602836026
5758,12.0,2019,10,0.00617181737441857
10005,4.0,2019,10,0.010236184913669823
9988,7.0,2019,10,0.004214899670334633
7817,2.0,2019,10,0.009332992127169544
11157,6.0,2019,10,0.006322349505501949
12020,7.0,2019,10,0.0075266065541689875
6043,11.0,2019,10,0.012042570486670378
7068,11.0,2019,10,0.020171305565172888
12456,7.0,2019,10,0.0048170281946681515
10598,3.0,2019,10,0.008128735078502506
10872,5.0,2019,10,0.012042570486670378
8383,8.0,2019,10,0.022278755400340203
9703,7.0,2019,10,0.009634056389336303
5197,14.0,2019,10,0.009332992127169544
12787,4.0,2019,10,0.003913835408167874
5767,13.0,2019,10,0.011139377700170101
8236,8.0,2019,10,0.018364919992172327
8384,8.0,2019,10,0.019870241303006127
14960,6.0,2019,10,0.012042570486670378
3822,10.0,2019,10,0.006021285243335189
13348,6.0,2019,10,0.007827670816335747
10570,7.0,2019,10,0.009031927865002785
12618,6.0,2019,10,0.008128735078502506
12765,6.0,2019,10,0.006021285243335189
13056,6.0,2019,10,0.003311706883834354
8523,8.0,2019,10,0.003311706883834354
6071,14.0,2019,10,0.009935120651503064
10589,4.0,2019,10,0.005569688850085051
2532,11.0,2019,10,0.01716066294350529
7915,9.0,2019,10,0.0022579819662506963
8086,8.0,2020,08,0.00572022098116843
10291,5.0,2020,08,0.015354277370504734
6625,11.0,2019,10,0.0030106426216675946
7490,9.0,2020,08,0.003913835408167874
7477,9.0,2020,08,0.0007526606554168986
1483,10.0,2019,10,0.013397359666420798
3980,10.0,2019,10,0.016106938025921634
11300,7.0,2019,10,0.006322349505501949
6067,14.0,2019,10,0.009634056389336303
12758,6.0,2019,10,0.5891827610603483
4888,13.0,2020,04,0.010838313438003342
9867,3.0,2020,08,0.005118092456834911
1047,10.0,2020,08,0.003311706883834354
10612,3.0,2020,08,0.001806385573000557
11306,5.0,2020,08,0.001806385573000557
5043,13.0,2020,08,0.0021074498351673163
13654,6.0,2020,08,0.003913835408167874
5306,11.0,2020,08,0.004214899670334633
13513,4.0,2020,08,0.001806385573000557
2094,11.0,2020,08,0.004214899670334633
10587,4.0,2020,08,0.004214899670334633
4552,10.0,2020,08,0.001806385573000557
8532,1.0,2020,08,0.001806385573000557
10292,5.0,2020,08,0.012644699011003898
14517,6.0,2020,08,0.003913835408167874
5339,14.0,2020,08,0.0021074498351673163
11018,5.0,2020,08,0.0021074498351673163
2676,11.0,2020,08,0.006021285243335189
10016,3.0,2020,08,0.001806385573000557
4256,10.0,2020,08,0.003612771146001114
3981,10.0,2020,08,0.0021074498351673163
11019,5.0,2020,08,0.003913835408167874
3971,10.0,2020,08,0.0024085140973340757
8076,9.0,2020,08,0.006322349505501949
7670,1.0,2020,08,0.003612771146001114
12179,6.0,2020,08,0.0048170281946681515
9577,3.0,2020,05,0.0012042570486670379
5919,14.0,2020,08,0.004214899670334633
9529,9.0,2020,08,0.005419156719001671
10420,7.0,2020,07,0.001806385573000557
15712,nan,2020,08,0.001806385573000557
8378,8.0,2020,08,0.0021074498351673163
5624,13.0,2020,08,0.0021074498351673163
10438,5.0,2020,08,0.0030106426216675946
9285,3.0,2020,08,0.0021074498351673163
4122,10.0,2020,08,0.0021074498351673163
4405,10.0,2020,08,0.001806385573000557
11461,5.0,2020,08,0.0021074498351673163
10018,3.0,2020,08,0.003612771146001114
8841,2.0,2020,08,0.006924478029835469
4761,14.0,2020,08,0.0045159639325013925
6191,11.0,2020,08,0.0021074498351673163
4046,14.0,2020,08,0.001806385573000557
3706,11.0,2019,10,0.27246315726091735
11741,6.0,2020,08,0.0024085140973340757
6331,11.0,2020,08,0.006021285243335189
3102,10.0,2020,08,0.0021074498351673163
8240,1.0,2020,08,0.003913835408167874
6644,13.0,2020,08,0.001806385573000557
13495,6.0,2020,08,0.003913835408167874
11148,7.0,2020,08,0.0024085140973340757
9580,3.0,2020,08,0.001806385573000557
8527,8.0,2020,08,0.006322349505501949
11302,7.0,2020,08,0.001806385573000557
11307,5.0,2020,08,0.001806385573000557
3862,12.0,2019,10,0.003311706883834354
10244,9.0,2020,08,0.001806385573000557
14094,6.0,2020,08,0.0021074498351673163
9090,9.0,2020,08,0.001806385573000557
11319,4.0,2020,08,0.001806385573000557
3979,10.0,2020,08,0.003311706883834354
8074,9.0,2020,08,0.0021074498351673163
9990,7.0,2019,04,0.0031611747527509745
8988,2.0,2020,08,0.004214899670334633
4117,10.0,2020,08,0.0021074498351673163
3676,10.0,2020,08,0.0021074498351673163
7785,9.0,2020,08,0.001806385573000557
9557,7.0,2020,08,0.0030106426216675946
3090,10.0,2020,08,0.0021074498351673163
9717,4.0,2020,08,0.001806385573000557
11011,7.0,2020,08,0.003612771146001114
7798,8.0,2020,08,0.006322349505501949
7051,9.0,2020,08,0.0021074498351673163
6046,11.0,2020,08,0.004214899670334633
16112,6.0,2020,08,0.0021074498351673163
6483,11.0,2019,04,0.0022579819662506963
4259,10.0,2020,08,0.004214899670334633
13310,nan,2020,08,0.001806385573000557
9744,3.0,2020,08,0.001806385573000557
12193,5.0,2020,08,0.0021074498351673163
2702,13.0,2020,08,0.001806385573000557
10154,4.0,2019,10,0.005419156719001671
2241,11.0,2020,08,0.0021074498351673163
5044,13.0,2020,08,0.0021074498351673163
6066,14.0,2020,08,0.006623413767668708
14660,6.0,2020,08,0.0021074498351673163
7361,11.0,2020,08,0.0048170281946681515
6647,14.0,2020,08,0.0075266065541689875
12822,nan,2020,08,0.003612771146001114
12788,4.0,2020,08,0.0021074498351673163
9294,3.0,2020,08,0.0021074498351673163
901,10.0,2020,08,0.003612771146001114
17029,nan,2020,08,0.001806385573000557
8485,9.0,2020,08,0.001806385573000557
7210,11.0,2020,08,0.0021074498351673163
12458,7.0,2019,10,0.0364287757221779
2223,10.0,2020,08,0.003913835408167874
11879,7.0,2020,08,0.003913835408167874
7930,9.0,2020,08,0.003913835408167874
3970,10.0,2020,08,0.0030106426216675946
5626,13.0,2020,08,0.0021074498351673163
11160,6.0,2020,08,0.006322349505501949
10585,4.0,2020,08,0.001806385573000557
2065,10.0,2020,08,0.001806385573000557
7214,11.0,2020,08,0.004214899670334633
2500,10.0,2020,08,0.004214899670334633
6616,9.0,2020,08,0.001806385573000557
10577,5.0,2020,08,0.003913835408167874
4900,14.0,2020,08,0.0021074498351673163
9701,7.0,2020,08,0.001806385573000557
4908,14.0,2020,08,0.001806385573000557
10138,5.0,2020,08,0.006623413767668708
6909,9.0,2020,08,0.004214899670334633
6760,9.0,2020,08,0.0021074498351673163
6764,9.0,2020,08,0.0024085140973340757
13045,7.0,2020,08,0.001806385573000557
10297,4.0,2020,08,0.001806385573000557
11913,4.0,2020,08,0.0021074498351673163
16137,6.0,2020,08,0.0021074498351673163
7356,11.0,2020,08,0.0021074498351673163
11326,4.0,2019,05,0.005118092456834911
4258,10.0,2020,08,0.0024085140973340757
900,10.0,2020,08,0.006021285243335189
7202,9.0,2020,08,0.003913835408167874
12339,5.0,2020,08,0.0021074498351673163
11733,7.0,2020,08,0.0024085140973340757
7056,9.0,2020,08,0.004214899670334633
4267,10.0,2020,08,0.0027095783595008356
6318,9.0,2020,08,0.0021074498351673163
5905,12.0,2020,08,0.01174150622450362
4420,10.0,2020,08,0.0021074498351673163
6929,12.0,2020,08,0.006322349505501949
6051,12.0,2020,08,0.004214899670334633
10729,5.0,2020,08,0.0021074498351673163
10425,7.0,2020,08,0.0021074498351673163
9107,8.0,2020,08,0.001806385573000557
11554,9.0,2020,08,0.0021074498351673163
13223,4.0,2020,08,0.001806385573000557
3526,10.0,2020,08,0.003913835408167874
9298,3.0,2020,08,0.0021074498351673163
15848,6.0,2020,08,0.003612771146001114
2801,10.0,2020,08,0.0024085140973340757
7967,2.0,2020,08,0.003913835408167874
9714,4.0,2020,08,0.003311706883834354
6491,12.0,2020,06,0.001806385573000557
3682,10.0,2020,08,0.0021074498351673163
7057,9.0,2020,08,0.0021074498351673163
9237,9.0,2020,08,0.001806385573000557
11873,7.0,2020,08,0.0024085140973340757
12059,4.0,2020,08,0.003913835408167874
4112,10.0,2020,08,0.0021074498351673163
9134,2.0,2020,08,0.0048170281946681515
7212,11.0,2019,10,0.006924478029835469
4272,10.0,2020,08,0.0024085140973340757
9847,7.0,2020,08,0.0021074498351673163
10275,7.0,2020,08,0.001806385573000557
2791,10.0,2020,08,0.0021074498351673163
9568,4.0,2019,10,0.008128735078502506
6176,9.0,2020,08,0.0021074498351673163
10139,5.0,2020,08,0.006021285243335189
10879,4.0,2019,10,0.0027095783595008356
3976,10.0,2020,08,0.001806385573000557
6618,9.0,2020,08,0.001806385573000557
12750,7.0,2020,08,0.001806385573000557
8377,8.0,2020,08,0.0021074498351673163
11902,5.0,2020,08,0.0021074498351673163
9876,3.0,2020,08,0.001806385573000557
5470,12.0,2020,08,0.006322349505501949
8799,9.0,2020,08,0.001806385573000557
11309,5.0,2020,08,0.001806385573000557
4458,13.0,2020,08,0.0021074498351673163
10162,3.0,2020,08,0.0045159639325013925
4111,10.0,2020,08,0.0024085140973340757
12607,7.0,2020,08,0.003913835408167874
11443,7.0,2020,08,0.004214899670334633
5773,14.0,2020,08,0.006021285243335189
8815,8.0,2020,08,0.004214899670334633
10611,3.0,2020,08,0.0021074498351673163
13514,4.0,2020,08,0.0021074498351673163
11452,5.0,2020,08,0.003612771146001114
11869,nan,2020,08,0.0027095783595008356
11736,7.0,2019,10,0.019268112778672606
6332,11.0,2020,08,0.001806385573000557
8664,9.0,2020,08,0.0021074498351673163
3146,13.0,2020,08,0.001806385573000557
10711,7.0,2020,08,0.001806385573000557
3823,10.0,2020,08,0.0024085140973340757
10134,7.0,2020,08,0.001806385573000557
4561,10.0,2020,08,0.0021074498351673163
17756,nan,2020,08,0.001806385573000557
5042,13.0,2020,08,0.0024085140973340757
10564,7.0,2020,08,0.004214899670334633
5901,11.0,2020,08,0.001806385573000557
11458,5.0,2020,08,0.0021074498351673163
4273,10.0,2020,08,0.0021074498351673163
7224,13.0,2019,05,0.0027095783595008356
4548,10.0,2020,08,0.0021074498351673163
9383,9.0,2019,10,0.0030106426216675946
18992,nan,2020,08,0.001806385573000557
6468,9.0,2020,08,0.0024085140973340757
4701,10.0,2020,08,0.001806385573000557
6923,12.0,2020,08,0.0048170281946681515
6905,9.0,2020,08,0.004214899670334633
7087,1.0,2020,08,0.0021074498351673163
6919,11.0,2019,05,0.0045159639325013925
6208,14.0,2020,08,0.001806385573000557
5927,14.0,2020,08,0.012042570486670378
2239,11.0,2020,08,0.0021074498351673163
9716,4.0,2020,08,0.001806385573000557
5004,10.0,2020,08,0.0021074498351673163
5686,nan,2020,08,0.001806385573000557
9552,7.0,2020,08,0.0021074498351673163
4268,10.0,2020,08,0.001806385573000557
14806,6.0,2020,08,0.0024085140973340757
12346,4.0,2020,08,0.001806385573000557
7058,9.0,2020,08,0.0021074498351673163
14236,6.0,2020,08,0.0021074498351673163
10294,4.0,2020,08,0.001806385573000557
10740,4.0,2020,08,0.0021074498351673163
8224,9.0,2020,08,0.0027095783595008356
4566,10.0,2020,08,0.001806385573000557
4261,10.0,2020,08,0.001806385573000557
9877,3.0,2019,07,0.004666496063584772
10578,5.0,2020,08,0.0021074498351673163
7503,11.0,2020,08,0.0021074498351673163
3395,10.0,2020,08,0.0048170281946681515
7772,9.0,2020,08,0.0030106426216675946
7213,11.0,2020,08,0.010537249175836582
10289,5.0,2020,08,0.003913835408167874
10710,7.0,2020,08,0.0024085140973340757
12352,4.0,2020,08,0.001806385573000557
4877,12.0,2020,08,0.001806385573000557
3540,10.0,2019,10,0.012644699011003898
15256,6.0,2020,08,0.001806385573000557
7492,9.0,2020,08,0.001806385573000557
8078,9.0,2019,10,0.016558534419171773
9144,3.0,2020,08,0.0021074498351673163
10736,4.0,2020,08,0.004214899670334633
13480,7.0,2020,08,0.001806385573000557
5331,13.0,2020,08,0.003612771146001114
14702,nan,2020,08,0.001806385573000557
8807,9.0,2020,08,0.0021074498351673163
2372,10.0,2020,08,0.004214899670334633
5903,12.0,2020,08,0.001806385573000557
10579,5.0,2020,08,0.0021074498351673163
6461,9.0,2020,08,0.0021074498351673163
3995,11.0,2020,08,0.0021074498351673163
10307,3.0,2019,10,0.003913835408167874
5037,13.0,2020,08,0.0024085140973340757
7771,9.0,2020,08,0.0021074498351673163
10874,5.0,2020,08,0.00572022098116843
10015,3.0,2020,08,0.0021074498351673163
4153,12.0,2020,05,0.0015053213108337973
2658,10.0,2020,08,0.0021074498351673163
9728,3.0,2020,08,0.001806385573000557
4123,10.0,2020,08,0.0021074498351673163
5182,13.0,2020,08,0.0021074498351673163
9873,3.0,2020,08,0.004214899670334633
2383,11.0,2020,08,0.0021074498351673163
6500,14.0,2020,08,0.001806385573000557
1485,10.0,2020,08,0.0021074498351673163
7064,11.0,2020,08,0.001806385573000557
11880,7.0,2020,08,0.006021285243335189
11593,7.0,2020,08,0.001806385573000557
3554,11.0,2020,08,0.001806385573000557
7632,9.0,2020,08,0.004214899670334633
8967,8.0,2020,08,0.001806385573000557
8229,8.0,2019,10,0.0048170281946681515
4857,10.0,2020,08,0.001806385573000557
9729,3.0,2020,08,0.0021074498351673163
6652,14.0,2020,08,0.0021074498351673163
9149,3.0,2020,08,0.0024085140973340757
12311,7.0,2020,08,0.001806385573000557
8795,9.0,2020,08,0.001806385573000557
12471,6.0,2020,03,0.0006021285243335189
2064,10.0,2020,08,0.003311706883834354
10153,4.0,2020,08,0.001806385573000557
15094,6.0,2020,08,0.0021074498351673163
9141,3.0,2020,08,0.0021074498351673163
4604,13.0,2020,08,0.0021074498351673163
10011,4.0,2020,08,0.0021074498351673163
2355,10.0,2019,07,0.004064367539251253
2224,10.0,2020,08,0.003913835408167874
10733,4.0,2020,08,0.001806385573000557
12026,7.0,2020,08,0.0021074498351673163
11589,7.0,2020,08,0.001806385573000557
6039,11.0,2020,05,0.0012042570486670379
11740,6.0,2020,08,0.001806385573000557
9250,8.0,2020,08,0.0021074498351673163
8373,8.0,2020,08,0.001806385573000557
2531,11.0,2020,08,0.001806385573000557
3819,10.0,2020,08,0.001806385573000557
5187,13.0,2019,07,0.003311706883834354
3003,14.0,2020,08,0.001806385573000557
9586,3.0,2020,08,0.0027095783595008356
4310,13.0,2020,08,0.0021074498351673163
4903,14.0,2020,08,0.001806385573000557
5908,12.0,2020,08,0.0024085140973340757
6608,9.0,2020,08,0.001806385573000557
12138,nan,2020,08,0.001806385573000557
1193,10.0,2020,08,0.004214899670334633
2213,10.0,2020,08,0.001806385573000557
8225,9.0,2020,08,0.0021074498351673163
4845,10.0,2020,08,0.0021074498351673163
11017,5.0,2020,08,0.001806385573000557
14820,6.0,2020,08,0.0021074498351673163
11301,7.0,2020,08,0.001806385573000557
755,10.0,2020,08,0.0021074498351673163
5332,13.0,2020,08,0.001806385573000557
4141,11.0,2019,07,0.0030106426216675946
5328,13.0,2020,08,0.0024085140973340757
8231,8.0,2020,08,0.0021074498351673163
10313,3.0,2020,08,0.0021074498351673163
7673,2.0,2020,08,0.0027095783595008356
3835,10.0,2020,08,0.001806385573000557
17351,nan,2020,08,0.003612771146001114
10887,4.0,2020,08,0.0021074498351673163
5623,14.0,2020,08,0.001806385573000557
5589,9.0,2020,08,0.003612771146001114
2960,10.0,2020,08,0.001806385573000557
10014,3.0,2020,08,0.001806385573000557
14953,6.0,2020,08,0.001806385573000557
5647,15.0,2020,08,0.001806385573000557
10159,3.0,2020,08,0.001806385573000557
9880,3.0,2020,04,0.0009031927865002785
2430,14.0,2020,08,0.001806385573000557
8242,1.0,2019,10,0.006623413767668708
13757,nan,2020,08,0.001806385573000557
8233,8.0,2020,08,0.0021074498351673163
9675,9.0,2020,08,0.0024085140973340757
11296,7.0,2020,08,0.0021074498351673163
10013,3.0,2020,08,0.0024085140973340757
14079,6.0,2020,08,0.0021074498351673163
8990,2.0,2020,08,0.0045159639325013925
5337,14.0,2020,08,0.001806385573000557
5646,15.0,2020,08,0.0015053213108337973
10886,4.0,2020,08,0.0021074498351673163
9002,3.0,2020,08,0.001806385573000557
13498,6.0,2020,08,0.001806385573000557
14371,6.0,2020,08,0.001806385573000557
5345,14.0,2019,07,0.0034622390149177344
1920,10.0,2020,08,0.0021074498351673163
3968,10.0,2019,07,0.0048170281946681515
14669,6.0,2020,08,0.0021074498351673163
3394,10.0,2020,08,0.0021074498351673163
10451,4.0,2020,08,0.001806385573000557
10144,5.0,2020,08,0.0030106426216675946
10110,9.0,2020,08,0.001806385573000557
12316,7.0,2020,08,0.001806385573000557
12764,6.0,2019,07,0.0027095783595008356
11294,7.0,2019,07,0.0025590462284174557
13210,6.0,2020,08,0.001806385573000557
4045,14.0,2020,03,0.00030106426216675947
2366,10.0,2020,03,0.00030106426216675947
14531,6.0,2020,08,0.0012042570486670379
7947,8.0,2020,05,0.013848956059670937
5909,12.0,2020,05,0.0024085140973340757
14226,6.0,2020,05,0.00030106426216675947
6597,9.0,2020,05,0.0006021285243335189
14955,6.0,2020,05,0.00030106426216675947
7916,9.0,2020,05,0.0006021285243335189
11261,9.0,2020,05,0.00030106426216675947
9382,9.0,2020,05,0.0015053213108337973
13635,nan,2020,05,0.00030106426216675947
11303,6.0,2020,05,0.00030106426216675947
11181,4.0,2020,05,0.0009031927865002785
11612,4.0,2020,05,0.00030106426216675947
11462,5.0,2020,05,0.00030106426216675947
8669,8.0,2020,05,0.0012042570486670379
9565,2.0,2020,05,0.00030106426216675947
2892,15.0,2020,05,0.0006021285243335189
4606,13.0,2020,05,0.0015053213108337973
7053,9.0,2020,05,0.00030106426216675947
8278,15.0,2020,05,0.00030106426216675947
12633,6.0,2020,05,0.00030106426216675947
10479,3.0,2020,05,0.007225542292002228
7643,9.0,2020,05,0.0012042570486670379
11881,7.0,2020,05,0.00030106426216675947
5899,11.0,2020,05,0.0006021285243335189
7826,15.0,2020,05,0.0006021285243335189
12470,6.0,2020,05,0.00030106426216675947
8210,9.0,2020,05,0.0009031927865002785
4594,13.0,2020,05,0.00030106426216675947
7094,15.0,2020,05,0.0021074498351673163
10167,3.0,2020,05,0.00030106426216675947
7962,2.0,2020,05,0.0009031927865002785
10857,7.0,2020,05,0.0012042570486670379
12911,6.0,2020,05,0.00030106426216675947
7647,9.0,2020,05,0.00030106426216675947
8254,2.0,2020,05,0.0006021285243335189
11292,7.0,2020,05,0.00030106426216675947
5890,11.0,2020,05,0.00030106426216675947
8678,1.0,2020,05,0.00030106426216675947
6607,9.0,2020,05,0.0006021285243335189
7206,9.0,2020,05,0.0012042570486670379
5596,11.0,2020,05,0.0009031927865002785
10759,3.0,2020,05,0.0006021285243335189
4553,10.0,2020,05,0.0015053213108337973
7819,2.0,2020,05,0.00030106426216675947
3630,15.0,2020,05,0.00030106426216675947
12902,7.0,2020,05,0.0009031927865002785
7560,15.0,2020,05,0.00030106426216675947
4407,10.0,2020,05,0.0009031927865002785
7504,8.0,2020,05,0.0009031927865002785
12335,5.0,2020,05,0.00030106426216675947
4266,10.0,2020,05,0.0006021285243335189
14513,6.0,2020,05,0.0009031927865002785
18731,nan,2020,05,0.005419156719001671
4738,12.0,2020,05,0.00030106426216675947
2900,15.0,2020,05,0.00030106426216675947
8426,15.0,2020,05,0.00030106426216675947
12608,7.0,2020,05,0.0006021285243335189
13773,7.0,2020,05,0.0009031927865002785
8571,15.0,2020,05,0.0006021285243335189
3817,10.0,2020,05,0.00030106426216675947
11171,4.0,2020,05,0.0006021285243335189
6632,12.0,2020,05,0.0006021285243335189
11754,5.0,2020,05,0.0009031927865002785
1410,14.0,2020,05,0.00030106426216675947
5347,14.0,2020,05,0.00030106426216675947
4338,14.0,2020,05,0.00030106426216675947
4005,12.0,2020,05,0.0009031927865002785
6315,9.0,2020,05,0.00030106426216675947
13937,6.0,2020,05,0.00030106426216675947
8498,9.0,2020,05,0.00030106426216675947
9992,5.0,2020,05,0.0006021285243335189
4255,10.0,2020,05,0.0009031927865002785
5343,14.0,2020,05,0.0021074498351673163
10115,8.0,2020,05,0.00030106426216675947
6969,15.0,2020,05,0.00030106426216675947
10551,8.0,2020,05,0.00030106426216675947
14222,6.0,2020,05,0.00030106426216675947
7486,9.0,2020,05,0.00030106426216675947
15969,6.0,2020,05,0.0012042570486670379
3727,13.0,2020,05,0.00030106426216675947
7622,9.0,2020,05,0.00030106426216675947
2679,11.0,2020,05,0.00030106426216675947
4411,10.0,2020,05,0.00030106426216675947
4006,12.0,2020,05,0.0006021285243335189
7966,2.0,2020,05,0.00030106426216675947
9089,9.0,2020,05,0.00030106426216675947
5150,10.0,2020,05,0.001806385573000557
4840,10.0,2020,05,0.00030106426216675947
3570,12.0,2020,05,0.00030106426216675947
6197,12.0,2019,07,0.0025590462284174557
3591,14.0,2020,05,0.00030106426216675947
7786,9.0,2020,05,0.0006021285243335189
11446,7.0,2020,05,0.0009031927865002785
4269,10.0,2020,05,0.00030106426216675947
12475,6.0,2020,05,0.0009031927865002785
3726,13.0,2020,05,0.00030106426216675947
7247,15.0,2020,05,0.00030106426216675947
5209,14.0,2020,05,0.0006021285243335189
8380,8.0,2020,08,0.0015053213108337973
5620,13.0,2020,05,0.0006021285243335189
5475,13.0,2020,05,0.00030106426216675947
13643,6.0,2020,05,0.00030106426216675947
11437,nan,2020,05,0.0009031927865002785
4745,13.0,2020,05,0.00030106426216675947
7768,9.0,2020,05,0.00030106426216675947
7055,9.0,2020,05,0.00030106426216675947
4326,14.0,2020,05,0.00030106426216675947
4167,13.0,2020,05,0.00030106426216675947
11911,4.0,2020,05,0.00030106426216675947
6804,15.0,2020,05,0.0006021285243335189
7970,15.0,2020,05,0.0015053213108337973
7789,9.0,2020,05,0.00030106426216675947
8520,8.0,2020,05,0.0006021285243335189
8511,9.0,2020,05,0.0006021285243335189
12165,7.0,2020,05,0.0009031927865002785
9258,8.0,2020,05,0.00030106426216675947
10143,5.0,2020,05,0.0012042570486670379
3698,11.0,2020,05,0.001806385573000557
6056,13.0,2020,05,0.0006021285243335189
8386,1.0,2020,05,0.00030106426216675947
10596,4.0,2020,05,0.00030106426216675947
7065,11.0,2020,05,0.0006021285243335189
2371,10.0,2020,05,0.0009031927865002785
2385,11.0,2020,05,0.0009031927865002785
5598,11.0,2020,05,0.00030106426216675947
7635,9.0,2020,05,0.00030106426216675947
7799,11.0,2020,05,0.0009031927865002785
6774,11.0,2020,05,0.00030106426216675947
5587,9.0,2020,05,0.00030106426216675947
7960,1.0,2020,05,0.00030106426216675947
5918,14.0,2020,05,0.00030106426216675947
11576,7.0,2020,05,0.00030106426216675947
6773,11.0,2020,05,0.0006021285243335189
6337,11.0,2020,05,0.00030106426216675947
10743,4.0,2020,05,0.0006021285243335189
9251,8.0,2020,05,0.0015053213108337973
4008,12.0,2020,05,0.00030106426216675947
10599,3.0,2020,05,0.0009031927865002785
11295,7.0,2020,05,0.00030106426216675947
15106,6.0,2020,05,0.00030106426216675947
6194,12.0,2020,05,0.00030106426216675947
9448,3.0,2020,05,0.00030106426216675947
7624,9.0,2020,05,0.00030106426216675947
8376,8.0,2020,05,0.0012042570486670379
11162,5.0,2020,05,0.0009031927865002785
13367,4.0,2020,05,0.00030106426216675947
7532,15.0,2020,05,0.00030106426216675947
10006,4.0,2020,05,0.0006021285243335189
10002,4.0,2019,07,0.0048170281946681515
2516,10.0,2020,05,0.00030106426216675947
11061,3.0,2020,05,0.00030106426216675947
8273,15.0,2020,05,0.00030106426216675947
4047,14.0,2020,05,0.00030106426216675947
11156,7.0,2020,05,0.0006021285243335189
10389,9.0,2020,05,0.00030106426216675947
13494,6.0,2020,05,0.00030106426216675947
11173,4.0,2020,05,0.00030106426216675947
7639,9.0,2020,05,0.00030106426216675947
8697,2.0,2020,05,0.00030106426216675947
8486,9.0,2020,05,0.00030106426216675947
12025,7.0,2020,05,0.00030106426216675947
6470,9.0,2020,05,0.0006021285243335189
5047,14.0,2020,05,0.00030106426216675947
2823,11.0,2020,05,0.00030106426216675947
13369,4.0,2020,05,0.00030106426216675947
10876,5.0,2020,05,0.0009031927865002785
15847,6.0,2020,05,0.0006021285243335189
10421,7.0,2020,05,0.00030106426216675947
12751,nan,2020,05,0.00030106426216675947
7932,9.0,2020,05,0.00030106426216675947
3337,15.0,2020,05,0.0006021285243335189
5772,14.0,2020,05,0.00030106426216675947
11603,5.0,2020,05,0.00030106426216675947
3293,13.0,2020,05,0.00030106426216675947
3672,10.0,2020,05,0.00030106426216675947
10243,9.0,2020,05,0.00030106426216675947
5754,11.0,2020,05,0.00030106426216675947
9528,9.0,2020,05,0.0006021285243335189
6814,15.0,2020,05,0.00030106426216675947
9401,8.0,2020,05,0.0006021285243335189
4700,10.0,2020,05,0.00030106426216675947
6519,15.0,2020,05,0.00030106426216675947
11360,nan,2020,05,0.00030106426216675947
9689,8.0,2020,05,0.00030106426216675947
12207,4.0,2020,05,0.00030106426216675947
11441,7.0,2020,05,0.00030106426216675947
7252,15.0,2020,05,0.00030106426216675947
7491,9.0,2019,05,0.0009031927865002785
8080,9.0,2020,05,0.00030106426216675947
6624,11.0,2020,05,0.00030106426216675947
5338,14.0,2020,05,0.0006021285243335189
5183,13.0,2020,05,0.00030106426216675947
9874,3.0,2020,08,0.0012042570486670379
3978,10.0,2020,05,0.00030106426216675947
10168,3.0,2020,08,0.0012042570486670379
3553,11.0,2020,05,0.00030106426216675947
8966,8.0,2020,05,0.00030106426216675947
13653,6.0,2020,05,0.00030106426216675947
14678,6.0,2020,05,0.00030106426216675947
8649,9.0,2020,05,0.00030106426216675947
6797,14.0,2020,05,0.00030106426216675947
10732,4.0,2020,05,0.00030106426216675947
7203,9.0,2020,05,0.00030106426216675947
11590,7.0,2020,05,0.00030106426216675947
5501,15.0,2020,05,0.0006021285243335189
10565,7.0,2020,05,0.00030106426216675947
10285,5.0,2020,05,0.00030106426216675947
3974,10.0,2020,05,0.00030106426216675947
2677,11.0,2020,05,0.00030106426216675947
4904,14.0,2020,05,0.00030106426216675947
4562,10.0,2020,05,0.00030106426216675947
8418,15.0,2020,05,0.00030106426216675947
6673,15.0,2020,05,0.00030106426216675947
4263,10.0,2020,05,0.00030106426216675947
2959,10.0,2020,05,0.00030106426216675947
15097,6.0,2020,05,0.00030106426216675947
10025,3.0,2020,05,0.00030106426216675947
2576,14.0,2020,05,0.00030106426216675947
9147,3.0,2020,05,0.00030106426216675947
5072,15.0,2020,05,0.00030106426216675947
5913,13.0,2020,05,0.00030106426216675947
10256,9.0,2020,05,0.00030106426216675947
14961,6.0,2020,05,0.00030106426216675947
4927,15.0,2020,08,0.0009031927865002785
13656,6.0,2020,08,0.0009031927865002785
10723,5.0,2020,08,0.0009031927865002785
2075,10.0,2019,10,0.0021074498351673163
4129,10.0,2020,08,0.0009031927865002785
10592,4.0,2020,08,0.0009031927865002785
13542,nan,2020,08,0.0009031927865002785
4270,10.0,2020,08,0.0009031927865002785
12616,6.0,2020,08,0.0006021285243335189
3466,14.0,2020,08,0.001806385573000557
2508,10.0,2020,08,0.0006021285243335189
2511,10.0,2019,05,0.0009031927865002785
8270,15.0,2019,07,0.003612771146001114
10128,8.0,2019,05,0.0009031927865002785
3830,10.0,2019,07,0.0009031927865002785
5330,13.0,2019,05,0.0009031927865002785
12034,6.0,2019,05,0.00030106426216675947
4858,10.0,2019,04,0.00030106426216675947
10609,3.0,2019,10,0.0012042570486670379
5643,14.0,2019,10,0.03191281178967651
4588,12.0,2019,07,0.014902680977254595
5957,15.0,2019,07,0.0031611747527509745
7111,15.0,2019,10,0.003612771146001114
6753,9.0,2019,07,0.0013547891797504178
15243,6.0,2019,07,0.0013547891797504178
10735,4.0,2019,05,0.0012042570486670379
6614,9.0,2019,10,0.001806385573000557
4889,13.0,2019,04,0.00030106426216675947
11036,4.0,2019,05,0.0006021285243335189
10165,3.0,2019,07,0.0013547891797504178
2945,10.0,2019,07,0.0009031927865002785
12610,7.0,2019,10,0.0048170281946681515
4406,10.0,2019,07,0.004064367539251253
11471,4.0,2019,07,0.0031611747527509745
13946,6.0,2019,10,0.00045159639325013923
6655,14.0,2019,05,0.00045159639325013923
7494,9.0,2019,07,0.0007526606554168986
