block_ID,administrative_subdivision,Year,Month,hotels,wifi
6942,14.0,2019,10,0.01701013081242191,
6068,14.0,2019,10,0.01806385573000557,
5784,14.0,2019,10,0.014300552452921075,
6212,14.0,2019,10,0.1448119101022113,
6938,1.0,2019,10,0.4658969457030603,
6214,14.0,2019,10,0.2613237795607473,
6063,14.0,2019,10,0.048471346208848284,
5478,13.0,2019,10,0.08490012193102618,
5768,13.0,2019,10,0.014752148846171216,
6792,14.0,2019,10,0.10672728093811623,
6648,14.0,2019,10,0.0839969291445259,
6654,14.0,2019,10,0.007827670816335747,
6793,14.0,2019,10,0.10717887733136637,
6645,14.0,2019,10,0.0921256642230284,
6213,14.0,2019,10,0.09980280290828078,
5783,14.0,2019,10,0.015805873763754873,
4192,14.0,2019,10,0.005419156719001671,
5063,14.0,2019,10,0.004967560325751532,
5915,14.0,2019,10,0.09348045340277883,
5494,14.0,2019,10,0.20863753368156435,
5638,14.0,2019,10,0.01881651638542247,
6508,14.0,2019,10,0.16257470157005013,
4759,14.0,2019,10,0.07616925832819016,
5346,14.0,2019,10,0.006623413767668708,
6069,14.0,2019,10,0.04335325375201337,
6504,14.0,2019,10,0.22579819662506964,
7530,15.0,2019,10,0.1121464376571179,
7706,15.0,2019,10,0.013246827535337416,
8422,15.0,2019,10,0.008429799340669265,
7385,15.0,2019,10,0.024988333759841042,
4637,15.0,2020,8,0.027246315726091732,
2450,15.0,2019,10,0.009634056389336305,
7384,15.0,2019,10,0.006021285243335189,
8272,15.0,2020,8,0.004214899670334633,
7676,15.0,2019,10,0.2178199936776505,
6808,15.0,2019,10,0.014752148846171216,
6811,15.0,2020,8,0.004515963932501393,
6082,15.0,2020,8,0.0021074498351673163,
7823,15.0,2019,10,0.016257470157005013,
5364,15.0,2020,8,0.002709578359500836,
6803,15.0,2019,10,0.005720220981168429,
6518,15.0,2020,8,0.006021285243335189,
6517,15.0,2020,8,0.004817028194668152,
6799,1.0,2019,10,0.3420090018214388,
7101,15.0,2020,8,0.004515963932501393,
7386,15.0,2020,8,0.004817028194668152,
7099,15.0,2019,10,0.053589438665683185,
6663,15.0,2019,10,0.037783564901928315,
7680,15.0,2019,10,0.005720220981168429,
7678,15.0,2019,10,0.10567355602053258,
5792,15.0,2020,8,0.0021074498351673163,
6669,15.0,2020,8,0.002408514097334076,
8719,15.0,2020,8,0.002408514097334076,
3483,15.0,2020,8,0.004214899670334633,
6801,15.0,2020,8,0.002408514097334076,
6662,15.0,2020,8,0.0021074498351673163,
7264,15.0,2020,8,0.0021074498351673163,
7679,15.0,2020,8,0.0072255422920022285,
4776,15.0,2020,8,0.0021074498351673163,
7246,15.0,2019,10,0.01234363474883714,
6228,15.0,2019,10,0.2339269317035721,
7245,15.0,2019,10,0.009031927865002785,
6952,15.0,2020,8,0.002408514097334076,
2309,15.0,2020,8,0.002408514097334076,
6657,15.0,2019,10,0.0036127711460011143,
7989,15.0,2019,10,0.006322349505501949,
7972,15.0,2020,8,0.004214899670334633,
7106,15.0,2020,8,0.0021074498351673163,
6373,15.0,2020,8,0.0021074498351673163,
7677,15.0,2020,8,0.011440441962336859,
7240,15.0,2020,5,0.0015053213108337973,
7814,2.0,2019,10,0.7794553747497402,
6812,15.0,2020,8,0.002408514097334076,
5218,15.0,2019,10,0.05825593472926796,
5502,15.0,2019,10,0.066986798332104,
7850,15.0,2020,8,0.0021074498351673163,
7100,15.0,2020,8,0.002709578359500836,
7097,15.0,2020,8,0.002408514097334076,
6954,15.0,2020,8,0.0021074498351673163,
7822,15.0,2020,8,0.0021074498351673163,
5789,15.0,2020,8,0.002408514097334076,
6526,15.0,2020,8,0.0021074498351673163,
8130,15.0,2019,10,0.012042570486670378,
7825,15.0,2019,10,0.19508964188406014,
7824,15.0,2019,10,1.1368186539416838,
5500,14.0,2020,8,0.002408514097334076,
6955,15.0,2020,8,0.002709578359500836,
7244,15.0,2019,10,0.19719709171922745,
7829,15.0,2020,8,0.0021074498351673163,
5648,15.0,2020,8,0.0021074498351673163,
7120,15.0,2020,8,0.002408514097334076,
7971,15.0,2020,8,0.002408514097334076,
4778,15.0,2020,8,0.002408514097334076,
7985,15.0,2020,8,0.002709578359500836,
7839,15.0,2019,10,0.003311706883834354,
8129,15.0,2019,10,0.0036127711460011143,
6802,15.0,2019,10,0.009935120651503064,
2012,15.0,2019,10,0.03477292228026072,
4633,15.0,2019,10,0.09137300356761152,
7531,15.0,2019,10,0.010236184913669823,
6949,15.0,2019,10,0.008429799340669265,
7851,15.0,2019,10,0.0039138354081678746,
6248,15.0,2019,10,0.01821438786108895,
3774,15.0,2019,10,0.0036127711460011143,
2449,14.0,2019,10,0.004515963932501393,
3632,15.0,2019,10,0.003311706883834354,
4777,15.0,2019,10,0.06954584456052144,
8570,15.0,2019,10,0.08204001144044196,
7387,15.0,2019,10,0.14601616715087834,
8276,15.0,2019,10,0.009031927865002785,
8421,15.0,2019,10,0.11922144781803674,
5937,15.0,2019,10,0.4139633604792943,
7243,15.0,2019,10,0.01159097409342024,
7973,15.0,2019,10,0.010236184913669823,
4921,15.0,2019,10,0.014451084584004457,
8425,15.0,2019,10,0.019870241303006127,
3045,15.0,2019,10,0.013246827535337416,
8869,15.0,2019,10,0.026493655070674832,
4486,15.0,2019,10,0.011892038355587,
4780,15.0,2019,10,0.008881395733919405,
7241,15.0,2019,10,0.4296187021119658,
3484,15.0,2019,10,0.014902680977254596,
6809,15.0,2019,10,0.0019569177040839373,
3335,15.0,2019,10,0.07180382652677214,
3041,15.0,2019,10,0.04139633604792943,
8117,15.0,2019,10,0.061868705875269076,
6656,15.0,2019,10,0.01851545212325571,
6534,15.0,2019,10,0.003311706883834354,
7533,15.0,2019,10,0.004214899670334633,
7389,15.0,2019,10,0.01821438786108895,
7846,15.0,2019,10,0.003311706883834354,
6227,15.0,2019,10,0.01821438786108895,
8955,9.0,2019,10,0.6054402312173534,
8686,1.0,2019,10,8.983305986662852,
8104,1.0,2019,10,3.9120290225948735,
9130,2.0,2019,10,0.33749303788893736,
6359,14.0,2019,10,0.17220875795938642,
7951,1.0,2019,10,0.5678071984465084,
5354,14.0,2019,10,0.08459905766885943,
9127,2.0,2019,10,0.13276933961554094,
7812,1.0,2019,10,0.6477397600517829,
8693,2.0,2019,10,0.2288088392467372,
8833,1.0,2019,10,3.4092517047763837,
8688,1.0,2019,10,6.043413466604448,
7811,1.0,2019,10,2.554680796616038,
7374,1.0,2019,10,2.2233595761015192,
7666,1.0,2019,10,0.6754376721711249,
8249,1.0,2019,10,2.298023513118875,
7521,1.0,2019,10,1.9207899926239256,
4412,10.0,2019,10,0.3251494031401003,
9273,2.0,2019,10,0.28209721365025364,
8541,1.0,2019,10,10.0,
8250,1.0,2019,10,5.2105191853201065,
7810,1.0,2019,10,2.19400581054026,
9297,3.0,2019,10,0.03763303277084494,
5911,13.0,2019,10,1.7819993677650494,
8977,1.0,2019,10,1.1419367463985188,
8248,1.0,2019,10,0.5872258433562644,
8689,1.0,2019,10,1.8181270792250608,
7373,1.0,2019,10,0.5997200102361849,
8834,1.0,2019,10,6.0018665984254325,
8540,1.0,2019,10,4.114344206770936,
12033,6.0,2019,10,0.6087519381011877,
8685,1.0,2019,10,2.210413812828348,
7661,1.0,2019,10,1.250922009302886,
8100,1.0,2019,10,0.3958995047492887,
7668,1.0,2019,10,0.5399587541960831,
9122,1.0,2019,10,1.6507353494603418,
8829,1.0,2019,10,0.7707245111469042,
11153,7.0,2019,10,0.3901792837681203,
8395,1.0,2019,10,3.1345305655492166,
5443,9.0,2019,10,0.034923454411344104,
7520,1.0,2019,10,0.5310773584621638,
11475,4.0,2019,10,0.16287576583221688,
8103,1.0,2019,10,2.5870452047989643,
7790,9.0,2019,10,0.30512862970601073,
7813,1.0,2019,10,1.4703978564224536,
7809,1.0,2019,10,2.7146964519576704,
8404,2.0,2019,10,0.1872619710677244,
7230,1.0,2019,10,0.8735379566768526,
8684,1.0,2019,10,1.1557857024581897,
11742,6.0,2019,10,0.029955894085592568,
8542,1.0,2019,10,1.109421806084509,
8544,2.0,2019,10,0.5774412548358447,
7522,1.0,2019,10,0.569613584019509,
5910,13.0,2019,10,1.1470548388553536,
7375,1.0,2019,10,2.31337779048938,
8251,1.0,2019,10,3.44914271951348,
6646,14.0,2019,10,0.31671960379943104,
6201,12.0,2019,10,0.9769535307311346,
9560,5.0,2019,10,0.3128057683912632,
8543,1.0,2019,10,2.420556667820746,
8247,1.0,2019,10,1.5608676672035646,
14081,6.0,2019,10,0.16709066550255153,
11772,3.0,2019,10,0.04817028194668151,
6900,9.0,2019,10,0.03612771146001114,
12613,6.0,2019,10,0.16287576583221688,
9412,7.0,2019,10,0.10236184913669824,
9855,4.0,2019,10,0.3161174752750975,
14809,6.0,2019,10,0.03462239014917734,
9423,2.0,2019,10,0.11922144781803674,
8830,1.0,2019,10,1.6183709412774157,
7959,1.0,2019,10,3.1248965091598797,
7918,9.0,2019,10,0.05148198883051587,
8394,1.0,2019,10,2.9672893679155816,
11407,9.0,2019,10,0.10687781306919962,
8526,8.0,2019,10,1.054025981845825,
8653,9.0,2019,10,0.1144044196233686,
13491,6.0,2019,10,0.01956917704083937,
8835,2.0,2019,10,0.0230314160557571,
9265,7.0,2019,10,0.5208411735484939,
11888,6.0,2019,10,0.05780433833601783,
8539,1.0,2019,10,1.1024973280546733,
9530,9.0,2019,10,0.3161174752750975,
11158,6.0,2019,10,0.21074498351673165,
9413,7.0,2019,10,0.5274645873161626,
9409,7.0,2019,10,0.17642365762972104,
10890,4.0,2019,10,0.048471346208848284,
11467,4.0,2019,10,0.04967560325751532,
8393,1.0,2019,10,2.886754677785973,
8403,2.0,2019,10,0.11169484126386776,
8108,2.0,2019,10,0.35344944378377563,
15158,,2019,10,0.08429799340669265,
7958,1.0,2019,10,3.466453914588069,
11588,7.0,2019,10,0.09784588520419683,
7926,9.0,2019,10,0.0364287757221779,
8535,1.0,2019,10,0.14451084584004456,
7229,1.0,2019,10,2.2764974183739515,
8102,1.0,2019,10,1.1026478601857566,
6934,13.0,2019,10,0.3585675362406105,
7956,1.0,2019,10,2.0376029263446283,
7651,8.0,2019,10,0.2014119913895621,
8690,2.0,2019,10,1.0111243244870618,
8960,8.0,2019,10,0.15655341632671493,
5159,11.0,2019,10,0.4217910312956301,
8852,3.0,2019,10,0.10657674880703286,
8976,1.0,2019,10,1.431861630865108,
9091,9.0,2019,10,0.1872619710677244,
10871,5.0,2019,10,0.0809862865228583,
8832,1.0,2019,10,1.0008881395733922,
8831,1.0,2019,10,2.833014706989207,
11178,4.0,2019,10,0.0936309855338622,
13055,6.0,2019,10,0.05479369571435023,
8396,1.0,2019,10,1.4676882780629523,
9566,2.0,2019,10,0.3457723050985233,
5785,14.0,2019,10,0.06683626620102061,
8400,2.0,2019,10,0.7851755957309088,
8840,2.0,2019,10,0.1442097815778778,
6796,14.0,2019,10,0.3757281991841158,
5041,13.0,2019,10,0.03311706883834355,
7663,1.0,2019,10,1.0708855805271635,
7195,9.0,2019,10,0.2125513690897322,
7049,9.0,2019,10,0.08459905766885943,
5764,13.0,2019,10,0.31641853953726423,
8246,1.0,2019,10,0.249732805467327,
8109,2.0,2019,10,0.20773434089506407,
8687,1.0,2019,10,3.2072375848624883,
12300,,2019,10,0.33418133100510305,
7080,13.0,2019,10,1.0376179795577365,
1481,,2019,10,0.2653881470999985,
7662,1.0,2019,10,1.1881501106411163,
8397,1.0,2019,10,1.8643404434676583,
8854,3.0,2019,10,0.06653520193885384,
7667,1.0,2019,10,3.39480062019238,
7369,12.0,2019,10,0.1345757251885415,
4608,14.0,2019,10,0.004817028194668152,
7079,13.0,2019,10,1.3553913082747513,
6907,9.0,2019,10,0.19448751335972664,
8099,1.0,2019,10,0.4499405398082221,
7948,8.0,2019,10,0.597763092532101,
9845,7.0,2019,10,0.05118092456834911,
9865,3.0,2019,10,0.2206801041682347,
5161,11.0,2019,10,1.8087940870978911,
7664,1.0,2019,10,2.1065466423808163,
9704,5.0,2019,10,0.18470292483930692,
9276,2.0,2019,10,0.10296397766103174,
10883,4.0,2019,10,0.019870241303006127,
5325,13.0,2019,10,0.15113425960771326,
6926,12.0,2019,10,0.2982041516761753,
9709,4.0,2019,10,0.13036082551820685,
9139,3.0,2019,10,0.08911502160136081,
7963,2.0,2019,10,0.16739172976471828,
4902,14.0,2019,10,0.08520118619319295,
9119,7.0,2019,10,0.4254038024416312,
4754,14.0,2019,10,0.2543993015309118,
8105,1.0,2019,10,0.12117836552212068,
4443,12.0,2019,10,0.1387906248588761,
8982,2.0,2019,10,0.5888816967981816,
7804,1.0,2019,10,0.22941096777107076,
9129,2.0,2019,10,0.11289909831253482,
12487,6.0,2019,10,0.4546070358718069,
12494,4.0,2019,10,0.1249416687992052,
7513,12.0,2019,10,0.4100495250711264,
5765,13.0,2019,10,0.2742695428339179,
11293,7.0,2019,10,0.14902680977254595,
10419,7.0,2019,10,0.7908958167120772,
8082,8.0,2019,10,0.2543993015309118,
8537,1.0,2019,10,1.5111920639460494,
6925,12.0,2019,10,0.2426577953064081,
10281,7.0,2019,10,0.13472625731962487,
5175,12.0,2019,10,1.1024973280546733,
8530,8.0,2019,10,0.6888350318375457,
9124,2.0,2019,10,0.6453312459544489,
7656,11.0,2019,10,0.2339269317035721,
7957,1.0,2019,10,1.9692613388327742,
9720,3.0,2019,10,0.22188436121690172,
8097,1.0,2019,10,0.3013653264289263,
7794,9.0,2019,10,0.1704023723863859,
6209,14.0,2019,10,0.03763303277084494,
7949,8.0,2019,10,0.262829100871581,
7665,1.0,2019,10,0.7335430747693095,
7950,1.0,2019,10,0.2604205867742469,
7084,1.0,2019,10,0.8100133973596664,
8088,8.0,2019,10,0.3248483388779335,
3969,10.0,2019,10,0.07466393701735635,
8850,3.0,2019,10,0.2649365507067484,
5169,11.0,2019,10,0.03311706883834355,
9004,3.0,2019,10,0.0572022098116843,
9964,9.0,2019,10,0.3194291821589318,
12174,7.0,2019,10,0.03191281178967651,
9005,3.0,2019,10,0.2516897231714109,
12640,4.0,2019,10,0.1204257048667038,
6788,13.0,2019,10,1.3215215787809909,
11735,7.0,2019,10,0.11922144781803674,
9152,3.0,2019,10,0.133973596664208,
5900,11.0,2019,10,0.14029594616970992,
14516,6.0,2019,10,0.03371919736267706,
7371,1.0,2019,10,0.12162996191537084,
7511,12.0,2019,10,0.6459333744787825,
8546,2.0,2019,10,0.5983652210564345,
6640,13.0,2019,10,1.0708855805271635,
6462,9.0,2019,10,0.7249627432975568,
5471,13.0,2019,10,0.20532582679773,
7672,2.0,2019,10,0.4461772365311376,
11734,7.0,2019,10,0.36157817886227817,
9957,9.0,2019,10,0.06924478029835468,
7788,9.0,2019,10,0.30949406150742875,
6207,13.0,2019,10,0.42058677424696295,
6202,13.0,2019,10,0.9272779274736191,
8839,2.0,2019,10,0.0817389471782752,
7655,11.0,2019,10,0.6066444882660204,
8084,8.0,2019,10,0.2543993015309118,
8838,2.0,2019,10,0.12358687961945475,
1772,10.0,2019,10,0.12373741175053815,
7518,1.0,2019,10,0.9546747753307944,
7219,12.0,2019,10,0.1598651232105493,
8369,9.0,2019,10,0.03281600457617678,
13890,,2019,10,0.10687781306919962,
8820,8.0,2019,10,0.17612259336755431,
12185,5.0,2019,10,0.4458761722689708,
6506,14.0,2019,10,0.3070855474100947,
7806,1.0,2019,10,0.20517529466664655,
8836,2.0,2019,10,0.3697069139407807,
12910,6.0,2019,10,0.6078487453146874,
10877,5.0,2019,10,0.7939064593337448,
9303,3.0,2019,10,0.07075010160918849,
608,10.0,2019,10,0.18876729237855824,
8538,1.0,2019,10,0.7040387770769672,
7955,1.0,2019,10,1.1306468365672653,
9410,7.0,2019,10,0.5249055410877452,
11609,5.0,2019,10,0.32545046740226696,
6064,14.0,2019,10,0.7321882855895591,
8825,7.0,2019,10,0.24356098809290844,
8683,1.0,2019,10,0.6067950203971038,
11596,6.0,2019,10,0.2351311887522392,
7953,1.0,2019,10,0.3710617031205311,
12324,6.0,2019,10,0.17160662943505292,
2661,10.0,2019,10,0.22278755400340206,
7934,9.0,2019,10,0.5997200102361849,
6204,13.0,2019,10,0.8810645632310217,
11288,7.0,2019,10,0.5286688443648297,
10626,3.0,2019,10,0.03462239014917734,
10594,4.0,2019,10,0.29203233430175674,
9128,2.0,2019,10,0.2125513690897322,
8064,9.0,2019,10,0.07225542292002228,
7515,1.0,2019,10,0.17642365762972104,
-1,0.0,2019,10,1.4315605666029412,
8398,2.0,2019,10,0.8062500940825819,
11291,7.0,2019,10,0.16061778386596615,
7083,1.0,2019,10,1.8230946395508116,
6062,13.0,2019,10,0.3633845644352787,
5303,11.0,2019,10,1.3864009272779274,
11887,6.0,2019,10,0.15474703075371438,
10891,3.0,2019,10,0.0966416281555298,
9277,2.0,2019,10,0.2342279959657389,
10884,4.0,2019,10,0.19117580647589227,
7226,13.0,2019,10,1.9606810073610208,
10443,4.0,2019,10,0.1872619710677244,
11003,7.0,2019,10,0.14059701043187667,
7081,,2019,10,0.3350845237916033,
7815,2.0,2019,10,0.15474703075371438,
7372,1.0,2019,10,0.5792476404088452,
9275,2.0,2019,10,0.3170206680615977,
6489,12.0,2019,10,0.8384639701344252,
4409,10.0,2019,10,0.2468726949767428,
9269,2.0,2019,10,0.2267013894115699,
1336,10.0,2019,10,0.3675994641056134,
7669,1.0,2019,10,0.350438801162108,
7364,12.0,2019,10,0.2712589002122503,
9131,2.0,2019,10,0.3846095949180353,
7808,1.0,2019,10,0.3909319444235372,
9270,2.0,2019,10,0.3203323749454321,
7205,9.0,2019,10,0.6277189866176935,
7964,2.0,2019,10,0.31641853953726423,
8110,2.0,2019,10,1.266125754542307,
1335,,2019,10,0.0602128524333519,
7793,9.0,2019,10,2.117836552212069,
7659,12.0,2019,10,0.906956089777363,
7349,9.0,2019,10,0.3796420345922837,
7348,9.0,2019,10,1.067874937905496,
8827,7.0,2019,10,0.423747948999714,
11737,7.0,2019,10,0.15745660911321518,
8978,2.0,2019,10,0.3555568936189429,
7784,9.0,2019,10,0.5063900889644894,
9572,3.0,2019,10,0.3569116827986934,
9430,3.0,2019,10,0.2522918516957445,
12058,4.0,2019,10,0.29293552708825704,
8401,2.0,2019,10,0.2694525146392497,
8101,1.0,2019,10,0.13547891797504175,
10274,7.0,2019,10,0.2251960681007361,
7954,1.0,2019,10,0.221583296954735,
8860,3.0,2019,10,0.09182459996086163,
8257,2.0,2019,10,0.29248393069500683,
12169,7.0,2019,10,0.16167150878354986,
6358,14.0,2019,10,0.4838102693019825,
5617,12.0,2019,10,1.0665201487257456,
7495,9.0,2019,10,0.6788999111860426,
9126,2.0,2019,10,0.43323147325796696,
4593,12.0,2019,10,0.22128223269256825,
7516,1.0,2019,10,0.5166262738781593,
7524,1.0,2019,10,0.1553491592780479,
8545,2.0,2019,10,0.5669040056600081,
8859,3.0,2019,10,0.1457151028887116,
6940,14.0,2019,10,1.1003898782195058,
10466,3.0,2019,10,0.03763303277084494,
10008,4.0,2019,10,0.8565278258644307,
5621,13.0,2019,10,0.2655386792310819,
9115,7.0,2019,10,0.13156508256687388,
8680,1.0,2019,10,0.27171049660550045,
6206,13.0,2019,10,0.2884195631557556,
6058,13.0,2019,10,0.6924478029835468,
5742,11.0,2019,10,0.8173894717827521,
7795,8.0,2019,10,0.28300040643675395,
7232,1.0,2019,10,0.4389516942391353,
6057,13.0,2019,10,0.6915446101970466,
9274,2.0,2019,10,0.5529045174692538,
7360,11.0,2019,10,0.9543737110686276,
6935,,2019,10,0.229109903508904,
11451,6.0,2019,10,0.1837997320528067,
7807,1.0,2019,10,0.6647498908642049,
8392,1.0,2019,10,0.3972542939290392,
6496,13.0,2019,10,0.7088558052716353,
7523,1.0,2019,10,0.15805873763754874,
7228,,2019,10,0.2629796330026644,
6639,12.0,2019,10,0.042148996703346334,
7653,11.0,2019,10,0.04064367539251253,
7657,12.0,2019,10,0.21044391925456488,
9995,5.0,2019,10,0.07376074423085607,
9419,2.0,2019,10,0.06804052324968764,
4413,10.0,2019,10,0.01806385573000557,
2209,10.0,2019,10,0.015354277370504734,
14036,,2019,10,0.024386205235507517,
8974,7.0,2019,10,0.4056840932697084,
6643,13.0,2019,10,0.1564028841956316,
7654,11.0,2019,10,0.15896193042404902,
5038,13.0,2019,10,0.021676626876006685,
2221,10.0,2019,10,0.026192590808508075,
12049,5.0,2019,10,0.01806385573000557,
13054,6.0,2019,10,0.07044903734702172,
7943,8.0,2019,10,0.15745660911321518,
7944,8.0,2019,10,0.05479369571435023,
9842,7.0,2019,10,0.03040749047884271,
10427,7.0,2019,10,0.052686245879182914,
9554,7.0,2019,10,0.12750071502762264,
13891,,2019,10,0.05118092456834911,
13201,6.0,2019,10,0.036729839984344655,
7519,1.0,2019,10,0.3001610693802592,
9574,3.0,2019,10,0.05148198883051587,
7082,,2019,10,0.10145865635019792,
6350,13.0,2019,10,0.244163116617242,
9862,4.0,2019,10,0.016558534419171773,
7377,1.0,2019,10,0.24958227333624364,
9996,5.0,2019,10,0.1279523114208728,
7650,8.0,2019,10,0.047267089160181235,
8111,2.0,2019,10,0.015956405894838255,
6779,12.0,2019,10,0.04937453899534856,
6641,13.0,2019,10,0.4210383706402132,
6787,13.0,2019,10,0.3757281991841158,
9857,4.0,2019,10,0.2759253962758351,
6936,1.0,2019,10,0.5464316358326684,
6642,13.0,2019,10,0.11952251208020352,
12189,5.0,2019,10,0.012042570486670378,
9699,7.0,2019,10,0.07376074423085607,
8980,2.0,2019,10,0.22338968252773556,
7509,11.0,2019,10,0.061417109482018936,
9711,4.0,2019,10,0.08881395733919405,
10717,7.0,2019,10,0.05223464948593277,
6065,14.0,2019,10,0.03191281178967651,
7376,1.0,2019,10,0.3782872454125333,
7381,2.0,2019,10,0.09227619635411176,
10453,3.0,2019,10,0.021977691138173442,
11325,4.0,2019,10,0.07902936881877437,
7073,12.0,2019,10,0.1279523114208728,
1628,10.0,2019,10,0.06262136653068598,
2076,10.0,2019,10,0.014451084584004457,
8681,7.0,2019,10,0.1717571615661363,
7222,12.0,2019,10,0.057352741942767675,
9567,4.0,2019,10,0.03853622555734521,
13108,,2019,10,0.02408514097334076,
8094,8.0,2019,10,0.16167150878354986,
7225,13.0,2019,10,0.3433637910011892,
8385,8.0,2019,10,0.10085652782586442,
6789,13.0,2019,10,0.17717631828513794,
7660,1.0,2019,10,0.4704129096355617,
8239,8.0,2019,10,0.09272779274736193,
7917,9.0,2019,10,0.03763303277084494,
12786,4.0,2019,10,0.0075266065541689875,
7085,1.0,2019,10,0.350438801162108,
9426,2.0,2019,10,0.043654318014180134,
6937,1.0,2019,10,0.4868209119236501,
9121,1.0,2019,10,0.4811006909424817,
8075,9.0,2019,10,0.021375562613839924,
9994,5.0,2019,10,0.09829748159744696,
6790,1.0,2019,10,0.4251027381794644,
7941,8.0,2019,10,0.023784076711174,
7818,2.0,2019,10,0.014150020321837696,
6072,14.0,2019,10,0.030558022609926086,
10724,5.0,2019,10,0.02709578359500836,
9264,7.0,2019,10,0.1509837274766299,
1918,10.0,2019,10,0.039740482606012255,
7526,2.0,2019,10,0.06518041275910343,
8984,2.0,2019,10,0.18169228221763936,
9421,2.0,2019,10,0.20517529466664655,
8674,8.0,2019,10,0.06081498095768542,
6352,13.0,2019,10,0.03432132588701058,
11743,6.0,2019,10,0.015655341632671498,
9414,5.0,2019,10,0.0817389471782752,
3247,10.0,2019,10,0.01685959868133853,
7231,1.0,2019,10,0.4357905194863844,
5917,14.0,2019,10,0.010537249175836582,
6499,14.0,2019,10,0.06954584456052144,
9866,3.0,2019,10,0.07812617603227408,
12285,,2019,10,0.029504297692342432,
9280,2.0,2019,10,0.06081498095768542,
7367,12.0,2019,10,0.09543737110686276,
9849,5.0,2019,10,0.014150020321837696,
12760,6.0,2019,10,0.01806385573000557,
7365,12.0,2019,10,0.07978202947419126,
9850,5.0,2019,10,0.045159639325013934,
7223,13.0,2019,10,0.023784076711174,
6922,12.0,2019,10,0.02709578359500836,
7218,12.0,2019,10,0.0996522707771974,
6187,11.0,2019,10,0.016558534419171773,
8682,1.0,2019,10,0.14225286387379385,
4885,12.0,2019,10,0.012644699011003898,
7366,12.0,2019,10,0.09634056389336304,
6172,9.0,2019,10,0.01685959868133853,
6941,14.0,2019,10,0.08730863602836025,
9123,2.0,2019,10,0.25394770513766163,
9420,2.0,2019,10,0.3025695834775933,
10142,5.0,2019,10,0.020171305565172888,
8975,1.0,2019,10,0.2507865303849107,
10593,4.0,2019,10,0.03221387605184327,
7221,12.0,2019,10,0.10326504192319852,
9705,5.0,2019,10,0.08580331471752646,
6777,12.0,2019,10,0.024988333759841042,
7940,9.0,2019,10,0.022278755400340203,
4408,10.0,2019,10,0.244163116617242,
7512,12.0,2019,10,0.5833120079480966,
8972,7.0,2019,10,0.18741250319880776,
9117,7.0,2019,10,0.14752148846171215,
14367,6.0,2019,10,0.03462239014917734,
6600,9.0,2019,10,0.015354277370504734,
5756,11.0,2019,10,0.0267947193328416,
7227,,2019,10,0.09393204979602897,
17026,,2019,10,0.04862187833993166,
8970,7.0,2019,10,0.02559046228417456,
8536,1.0,2019,10,0.029203233430175668,
6933,13.0,2019,10,0.21721786515331695,
10571,7.0,2019,10,0.0252893980220078,
10137,5.0,2019,10,0.019870241303006127,
9706,5.0,2019,10,0.10206078487453148,
7071,12.0,2019,10,0.07255648718218903,
9118,7.0,2019,10,0.08354533275127576,
7674,2.0,2019,10,0.05118092456834911,
10152,4.0,2019,10,0.025891526546341317,
9263,7.0,2019,10,0.19674549532597727,
6351,13.0,2019,10,0.10281344552994837,
4886,12.0,2019,10,0.01926811277867261,
9848,5.0,2019,10,0.029504297692342432,
6346,12.0,2019,10,0.01806385573000557,
10306,3.0,2019,10,0.021977691138173442,
11597,6.0,2019,10,0.029805361954509186,
7797,8.0,2019,10,0.0602128524333519,
7048,9.0,2019,10,0.012042570486670378,
1777,10.0,2019,10,0.0030106426216675946,
7363,11.0,2019,10,0.020773434089506403,
6362,14.0,2019,10,0.022278755400340203,
8989,2.0,2019,10,0.022579819662506963,
9411,7.0,2019,10,0.08459905766885943,
8973,7.0,2019,10,0.3268052565820174,
9559,5.0,2019,10,0.1619725730457166,
9266,7.0,2019,10,0.1004049314326143,
11297,7.0,2019,10,0.0252893980220078,
8826,7.0,2019,10,0.21857265433306736,
8979,2.0,2019,10,0.15956405894838252,
9267,7.0,2019,10,0.18244494287305624,
7233,1.0,2019,10,0.15444596649154765,
9425,2.0,2019,10,0.1649832156673842,
11015,5.0,2019,10,0.020171305565172888,
7379,1.0,2019,10,0.08911502160136081,
8971,7.0,2019,10,0.1366831750237088,
10426,7.0,2019,10,0.027998976381508632,
1627,10.0,2019,10,0.035977179328927765,
8092,8.0,2019,10,0.08520118619319295,
10716,7.0,2019,10,0.022880883924673717,
7368,12.0,2019,10,0.09453417832036247,
14242,6.0,2019,10,0.024386205235507517,
9700,7.0,2019,10,0.061567641613102325,
9856,4.0,2019,10,0.029203233430175668,
6198,12.0,2019,10,0.05419156719001672,
10131,7.0,2019,10,0.018665984254339088,
6791,14.0,2019,10,0.2072827445018139,
9092,9.0,2019,10,0.010537249175836582,
8391,1.0,2019,10,0.1285544399452063,
8981,2.0,2019,10,0.04621336424259759,
1482,10.0,2019,10,0.05223464948593277,
5786,14.0,2019,10,0.009031927865002785,
3834,10.0,2019,10,0.014150020321837696,
9993,5.0,2019,10,0.03853622555734521,
13328,7.0,2019,10,0.010537249175836582,
13629,,2019,10,0.02408514097334076,
10161,3.0,2019,10,0.01806385573000557,
12463,7.0,2019,10,0.013848956059670936,
8692,2.0,2019,10,0.07812617603227408,
10276,7.0,2019,10,0.008128735078502506,
9431,3.0,2019,10,0.012945763273170659,
6495,13.0,2019,10,0.1672411976336349,
3824,10.0,2019,10,0.007827670816335747,
9120,7.0,2019,10,0.2387439598982403,
11030,4.0,2019,10,0.006924478029835469,
7805,1.0,2019,10,0.2236907467899023,
13678,,2019,10,0.027396847857175114,
9268,5.0,2019,10,0.05238518161701615,
9408,7.0,2019,10,0.04967560325751532,
16642,,2019,10,0.022579819662506963,
8238,8.0,2019,10,0.052084117354849385,
9135,2.0,2019,10,0.033418133100510304,
7378,1.0,2019,10,0.07722298324577381,
9422,2.0,2019,10,0.06081498095768542,
6939,14.0,2019,10,0.03161174752750975,
6026,9.0,2019,10,0.004817028194668152,
7671,2.0,2019,10,0.102662913398865,
10317,3.0,2019,10,0.022579819662506963,
9132,2.0,2019,10,0.041546868179012805,
11025,4.0,2019,10,0.020171305565172888,
19027,,2019,10,0.0075266065541689875,
8089,8.0,2019,10,0.027998976381508632,
7380,2.0,2019,10,0.06201923800635245,
3818,10.0,2019,10,0.012042570486670378,
9555,7.0,2019,10,0.1174150622450362,
10870,5.0,2019,10,0.02860110490584215,
8096,1.0,2019,10,0.05343890653459981,
6060,13.0,2019,10,0.14752148846171215,
8095,1.0,2019,10,0.07872830455660759,
1484,10.0,2019,10,0.02318194818684048,
10280,7.0,2019,10,0.01234363474883714,
8763,,2019,10,0.010838313438003342,
7528,2.0,2019,10,0.12102783339103733,
10725,5.0,2019,10,0.027246315726091732,
6778,12.0,2019,10,0.023483012449007242,
1773,10.0,2019,10,0.03311706883834355,
10452,3.0,2019,10,0.021225030482756545,
8837,2.0,2019,10,0.052987310141349664,
8244,1.0,2019,10,0.02965482982342581,
1337,10.0,2019,10,0.06954584456052144,
7220,12.0,2019,10,0.05238518161701615,
10295,4.0,2019,10,0.020472369827339645,
6921,11.0,2019,10,0.01806385573000557,
1919,10.0,2019,10,0.013547891797504178,
9434,3.0,2019,10,0.0075266065541689875,
13070,6.0,2019,10,0.021676626876006685,
10437,5.0,2019,10,0.01685959868133853,
899,10.0,2019,10,0.039288886212762116,
7352,9.0,2019,10,0.031160151134259607,
11010,7.0,2019,10,0.007827670816335747,
9719,3.0,2019,10,0.03311706883834355,
9302,3.0,2020,8,0.008429799340669265,
10004,4.0,2019,10,0.024988333759841042,
12310,7.0,2019,10,0.010838313438003342,
11027,4.0,2019,10,0.007827670816335747,
753,,2019,10,0.023483012449007242,
6205,13.0,2019,10,0.24867908054974336,
5923,14.0,2019,10,0.011741506224503621,
1630,10.0,2019,10,0.035977179328927765,
2515,10.0,2019,10,0.01956917704083937,
10003,4.0,2019,10,0.040794207523595916,
10428,7.0,2020,8,0.011741506224503621,
8235,8.0,2019,10,0.0490734747331818,
8813,8.0,2019,10,0.018364919992172327,
1191,10.0,2019,10,0.027998976381508632,
7933,9.0,2019,10,0.020472369827339645,
10727,5.0,2019,10,0.008429799340669265,
8256,2.0,2019,10,0.0632234950550195,
7525,1.0,2019,10,0.027246315726091732,
7075,12.0,2019,10,0.02408514097334076,
8093,8.0,2019,10,0.1598651232105493,
8388,1.0,2019,10,0.021074498351673163,
10135,7.0,2019,10,0.03582664719784438,
10863,7.0,2019,10,0.04290165735876323,
4116,10.0,2019,10,0.025891526546341317,
7211,11.0,2020,6,0.004214899670334633,
8547,2.0,2019,10,0.029805361954509186,
10707,8.0,2019,10,0.01806385573000557,
12180,6.0,2019,10,0.020472369827339645,
6316,9.0,2019,10,0.010537249175836582,
7072,12.0,2019,10,0.17582152910538754,
1409,14.0,2019,10,0.006021285243335189,
5469,12.0,2019,10,0.009031927865002785,
9433,3.0,2019,10,0.0111393777001701,
12617,6.0,2019,10,0.013246827535337416,
7499,9.0,2019,10,0.009634056389336305,
7514,1.0,2019,10,0.10085652782586442,
8243,1.0,2019,10,0.03552558293567762,
9998,5.0,2019,10,0.0364287757221779,
6059,13.0,2019,10,0.05103039243726574,
10718,7.0,2019,10,0.050578796044015585,
3975,10.0,2019,10,0.006322349505501949,
7215,11.0,2019,10,0.013246827535337416,
4121,10.0,2019,10,0.0030106426216675946,
10573,7.0,2019,10,0.02408514097334076,
2800,10.0,2019,10,0.006021285243335189,
9820,9.0,2019,10,0.0039138354081678746,
6776,12.0,2019,10,0.0072255422920022285,
9868,3.0,2019,10,0.007827670816335747,
9262,7.0,2019,10,0.08128735078502508,
7498,9.0,2019,10,0.003311706883834354,
9284,3.0,2019,10,0.011741506224503621,
6053,12.0,2019,10,0.0267947193328416,
9858,4.0,2019,10,0.0662341376766871,
9252,8.0,2019,10,0.0036127711460011143,
10574,5.0,2019,10,0.014752148846171216,
10864,7.0,2019,10,0.1619725730457166,
8675,8.0,2019,10,0.018364919992172327,
9150,3.0,2019,10,0.0030106426216675946,
7945,8.0,2019,10,0.012945763273170659,
8548,2.0,2019,10,0.21074498351673165,
5734,9.0,2019,10,0.0021074498351673163,
8226,9.0,2019,10,0.003311706883834354,
1704,14.0,2019,10,0.0030106426216675946,
6061,13.0,2019,10,0.017461727205672052,
7510,11.0,2019,10,0.03161174752750975,
8529,8.0,2019,10,0.008128735078502506,
6193,11.0,2019,10,0.010236184913669823,
6490,12.0,2019,10,0.0072255422920022285,
8228,8.0,2019,10,0.004214899670334633,
3859,12.0,2019,10,0.006021285243335189,
8691,2.0,2019,10,0.024386205235507517,
7350,9.0,2019,10,0.005419156719001671,
8079,9.0,2019,10,0.010838313438003342,
8227,8.0,2019,10,0.006924478029835469,
2370,10.0,2019,10,0.0036127711460011143,
6636,12.0,2019,10,0.029805361954509186,
11031,4.0,2019,10,0.006322349505501949,
3860,12.0,2019,10,0.011289909831253482,
11442,7.0,2019,10,0.02318194818684048,
7086,1.0,2019,10,0.010537249175836582,
7353,9.0,2019,10,0.011741506224503621,
10865,7.0,2019,10,0.013848956059670936,
1044,,2019,10,0.009332992127169544,
5787,14.0,2019,10,0.011440441962336859,
4151,12.0,2019,10,0.006322349505501949,
754,10.0,2019,10,0.003311706883834354,
6482,11.0,2019,10,0.0030106426216675946,
9136,2.0,2019,10,0.01896704851650585,
11744,6.0,2019,10,0.009634056389336305,
9721,3.0,2019,10,0.023784076711174,
14077,6.0,2019,10,0.003311706883834354,
10572,7.0,2019,10,0.041697400310096194,
6317,9.0,2019,10,0.003311706883834354,
8945,9.0,2019,10,0.0030106426216675946,
6186,11.0,2019,10,0.005118092456834911,
6755,9.0,2019,10,0.003311706883834354,
10282,7.0,2019,10,0.03432132588701058,
6314,9.0,2019,10,0.0030106426216675946,
8379,8.0,2019,10,0.011741506224503621,
5769,14.0,2019,10,0.028149508512592014,
9698,7.0,2019,10,0.008128735078502506,
4607,13.0,2019,10,0.006322349505501949,
11886,6.0,2019,10,0.003311706883834354,
12472,6.0,2019,10,0.0030106426216675946,
9708,4.0,2019,10,0.009634056389336305,
6049,12.0,2019,10,0.005419156719001671,
7517,1.0,2019,10,0.3249988710090169,
6927,12.0,2019,10,0.07993256160527465,
8087,8.0,2019,10,0.009634056389336305,
13938,6.0,2019,10,0.006021285243335189,
2222,10.0,2019,10,0.010236184913669823,
12176,6.0,2019,10,0.006021285243335189,
9575,3.0,2019,10,0.032514940314010025,
10141,5.0,2019,10,0.013547891797504178,
5492,14.0,2019,10,0.02709578359500836,
7357,11.0,2019,10,0.010537249175836582,
7362,11.0,2019,10,0.01926811277867261,
12460,7.0,2019,10,0.0039138354081678746,
12315,7.0,2019,10,0.006322349505501949,
6215,14.0,2019,10,0.022579819662506963,
2382,11.0,2019,10,0.004817028194668152,
7942,8.0,2019,10,0.006623413767668708,
8091,8.0,2019,10,0.014752148846171216,
9300,3.0,2019,10,0.0030106426216675946,
10308,3.0,2019,10,0.0021074498351673163,
5019,11.0,2019,10,0.0030106426216675946,
9569,4.0,2019,10,0.006924478029835469,
3384,10.0,2019,10,0.003311706883834354,
7946,8.0,2019,10,0.03131068326534299,
5757,12.0,2019,10,0.003311706883834354,
10465,3.0,2019,10,0.003311706883834354,
8645,9.0,2019,10,0.0030106426216675946,
8237,8.0,2019,10,0.0072255422920022285,
11890,6.0,2019,10,0.003311706883834354,
12457,7.0,2019,10,0.0030106426216675946,
6795,14.0,2019,10,0.07917990094985775,
8550,2.0,2019,10,0.014451084584004457,
6052,12.0,2019,10,0.003311706883834354,
9854,4.0,2019,10,0.013848956059670936,
4257,10.0,2019,10,0.01716066294350529,
8255,2.0,2019,10,0.022880883924673717,
3681,10.0,2019,10,0.003311706883834354,
10140,5.0,2019,10,0.07105116587135524,
4565,10.0,2019,10,0.005118092456834911,
9730,3.0,2019,10,0.003311706883834354,
1338,10.0,2019,10,0.026493655070674832,
6349,13.0,2019,10,0.3194291821589318,
6794,14.0,2019,10,0.04937453899534856,
9982,7.0,2019,10,0.026493655070674832,
4547,10.0,2019,10,0.006924478029835469,
4550,10.0,2019,10,0.004817028194668152,
10114,8.0,2019,10,0.004515963932501393,
1774,10.0,2019,10,0.02318194818684048,
9133,2.0,2019,10,0.06894371603618793,
7796,8.0,2019,10,0.016558534419171773,
13641,6.0,2019,10,0.003311706883834354,
7675,2.0,2019,10,0.002709578359500836,
11739,6.0,2019,10,0.003311706883834354,
6634,12.0,2019,10,0.016558534419171773,
11598,6.0,2019,10,0.0072255422920022285,
7354,9.0,2019,10,0.0030106426216675946,
8965,8.0,2019,10,0.003311706883834354,
4110,10.0,2019,10,0.003311706883834354,
9852,5.0,2019,10,0.045460703587180684,
4899,13.0,2019,10,0.003311706883834354,
11473,4.0,2019,10,0.003311706883834354,
4755,14.0,2019,10,0.003311706883834354,
9864,3.0,2019,10,0.014451084584004457,
10841,9.0,2019,10,0.0030106426216675946,
6920,11.0,2019,10,0.07225542292002228,
14223,6.0,2019,10,0.0030106426216675946,
9527,9.0,2019,10,0.0030106426216675946,
7487,9.0,2019,10,0.004515963932501393,
6348,13.0,2019,10,0.11259803405036806,
2659,10.0,2019,10,0.012644699011003898,
15824,6.0,2019,10,0.0030106426216675946,
6047,11.0,2019,10,0.006322349505501949,
3873,13.0,2019,10,0.0030106426216675946,
8090,8.0,2019,10,0.010537249175836582,
6628,11.0,2019,10,0.010236184913669823,
9851,5.0,2019,10,0.03703090424651142,
12459,7.0,2019,10,0.005720220981168429,
11304,6.0,2019,10,0.01234363474883714,
9432,3.0,2019,10,0.015956405894838255,
9556,7.0,2019,10,0.018364919992172327,
9570,4.0,2019,10,0.0075266065541689875,
10726,5.0,2019,10,0.016106938025921634,
1922,10.0,2019,10,0.0075266065541689875,
6908,9.0,2019,10,0.006322349505501949,
6217,14.0,2019,10,0.015956405894838255,
11016,5.0,2019,10,0.01956917704083937,
3250,10.0,2019,10,0.005118092456834911,
8098,1.0,2019,10,0.06126657735093556,
1776,10.0,2019,10,0.025891526546341317,
9424,2.0,2019,10,0.061718173744185686,
8828,1.0,2019,10,0.04275112522767985,
10885,4.0,2019,10,0.009935120651503064,
6481,11.0,2019,10,0.006322349505501949,
5324,13.0,2019,10,0.0030106426216675946,
7052,9.0,2019,10,0.01640800228808839,
10869,5.0,2019,10,0.01971970917192275,
5914,13.0,2019,10,0.04666496063584772,
8375,8.0,2019,10,0.006021285243335189,
12164,7.0,2019,10,0.004214899670334633,
4120,10.0,2019,10,0.003311706883834354,
10151,4.0,2019,10,0.01806385573000557,
3673,10.0,2019,10,0.0031611747527509745,
6497,13.0,2019,10,0.031009619003176225,
7050,9.0,2019,10,0.0039138354081678746,
7820,2.0,2019,10,0.006322349505501949,
9236,9.0,2019,10,0.004817028194668152,
12313,7.0,2019,10,0.009031927865002785,
8986,2.0,2019,10,0.016558534419171773,
6651,14.0,2019,10,0.005118092456834911,
9573,3.0,2019,10,0.061417109482018936,
7507,11.0,2019,10,0.03402026162484382,
10296,4.0,2019,10,0.01776279146783881,
10149,4.0,2019,10,0.03131068326534299,
5149,10.0,2019,10,0.015655341632671498,
6904,9.0,2019,10,0.012644699011003898,
10715,7.0,2019,10,0.007827670816335747,
9576,3.0,2019,10,0.01806385573000557,
8372,9.0,2019,10,0.020773434089506403,
1629,10.0,2019,10,0.022429287531423585,
10305,3.0,2019,10,0.01896704851650585,
12619,6.0,2019,10,0.005118092456834911,
3994,11.0,2019,10,0.005118092456834911,
13199,6.0,2019,10,0.004515963932501393,
4125,10.0,2019,10,0.005118092456834911,
4693,10.0,2019,10,0.0075266065541689875,
3569,12.0,2019,10,0.012644699011003898,
8370,9.0,2019,10,0.03176227965859313,
7527,2.0,2019,10,0.02468726949767428,
6780,12.0,2019,10,0.05404103505893333,
6781,12.0,2019,10,0.11696346585178607,
5755,11.0,2019,10,0.009332992127169544,
14224,6.0,2019,10,0.009031927865002785,
10158,4.0,2019,10,0.006322349505501949,
10730,5.0,2019,10,0.01234363474883714,
1045,10.0,2019,10,0.03402026162484382,
9859,4.0,2019,10,0.006021285243335189,
10418,7.0,2019,10,0.009634056389336305,
3382,10.0,2019,10,0.009332992127169544,
10130,7.0,2019,10,0.012644699011003898,
9991,7.0,2019,10,0.0072255422920022285,
8081,8.0,2019,10,0.013547891797504178,
9279,2.0,2019,10,0.009031927865002785,
15968,6.0,2019,10,0.01234363474883714,
8987,2.0,2019,10,0.023784076711174,
10862,7.0,2019,10,0.033418133100510304,
3735,14.0,2019,10,0.009031927865002785,
7640,9.0,2019,10,0.012945763273170659,
11592,7.0,2019,10,0.009634056389336305,
10436,5.0,2019,10,0.03703090424651142,
7500,9.0,2019,10,0.012644699011003898,
9725,3.0,2019,10,0.006322349505501949,
9997,5.0,2019,10,0.0252893980220078,
11655,,2019,10,0.0075266065541689875,
8983,2.0,2019,10,0.009935120651503064,
4415,10.0,2019,10,0.006322349505501949,
12329,6.0,2019,10,0.006021285243335189,
7508,11.0,2019,10,0.055696888500850514,
11324,4.0,2019,10,0.006021285243335189,
14954,6.0,2019,10,0.010838313438003342,
6918,11.0,2019,10,0.009935120651503064,
8985,2.0,2019,10,0.020472369827339645,
9261,7.0,2019,10,0.013246827535337416,
9238,9.0,2019,10,0.009332992127169544,
10145,5.0,2019,10,0.01776279146783881,
1046,10.0,2019,10,0.023483012449007242,
3725,13.0,2019,10,0.006021285243335189,
6786,13.0,2019,10,0.05328837440351643,
12473,6.0,2019,10,0.009634056389336305,
12018,7.0,2019,10,0.004515963932501393,
8819,8.0,2019,10,0.003311706883834354,
4126,10.0,2019,10,0.007827670816335747,
7641,9.0,2019,10,0.007376074423085608,
6800,15.0,2019,10,0.0039138354081678746,
7803,1.0,2019,10,0.005569688850085051,
13202,6.0,2019,10,0.004515963932501393,
11004,7.0,2019,10,0.004817028194668152,
3251,10.0,2020,8,0.002709578359500836,
5355,14.0,2019,10,0.006322349505501949,
8077,9.0,2019,10,0.009332992127169544,
11882,7.0,2020,8,0.0075266065541689875,
4711,10.0,2020,5,0.0025590462284174557,
3993,11.0,2019,10,0.008429799340669265,
8381,8.0,2019,10,0.039740482606012255,
6653,14.0,2019,10,0.031009619003176225,
6631,12.0,2019,10,0.267947193328416,
5770,14.0,2019,10,0.009483524258252923,
5759,12.0,2019,10,0.06894371603618793,
5766,13.0,2019,10,0.12644699011003901,
6630,12.0,2019,10,0.03913835408167873,
5616,12.0,2019,10,0.0966416281555298,
9869,3.0,2019,10,0.08670650750402674,
5775,14.0,2019,10,0.14029594616970992,
9722,3.0,2019,10,0.1905736779515588,
8402,2.0,2019,10,0.0394394183438455,
11163,5.0,2019,10,0.021375562613839924,
10580,5.0,2019,10,0.1324682753533742,
6050,12.0,2019,10,0.07195435865785553,
5329,13.0,2019,10,0.1234363474883714,
13497,6.0,2019,10,0.0036127711460011143,
6494,13.0,2019,10,0.08068522226069155,
5588,9.0,2019,10,0.14300552452921078,
13200,6.0,2019,10,0.07014797308485496,
4438,12.0,2019,10,0.349234544113441,
9984,7.0,2019,10,0.10838313438003344,
13932,6.0,2019,10,0.1053724917583658,
5619,13.0,2019,10,0.038235161295178455,
5920,14.0,2019,10,0.01685959868133853,
11908,4.0,2019,10,0.059008595384684864,
11161,5.0,2019,10,0.06352455931718626,
7642,9.0,2019,10,0.032514940314010025,
9558,7.0,2019,10,0.16257470157005013,
5186,13.0,2019,10,0.30437596905059383,
6633,12.0,2019,10,0.03612771146001114,
4894,13.0,2019,10,0.03311706883834355,
5639,14.0,2019,10,0.12825337568303954,
6635,12.0,2019,10,0.03612771146001114,
5921,14.0,2019,10,0.025891526546341317,
10298,4.0,2019,10,0.07075010160918849,
6216,14.0,2019,10,0.04275112522767985,
10164,3.0,2019,10,0.2763769926690852,
12168,7.0,2019,10,0.038235161295178455,
5333,13.0,2019,10,0.1324682753533742,
5208,14.0,2019,10,0.0379340970330117,
10444,4.0,2019,10,0.3510409296864415,
6469,9.0,2019,10,0.043955382276346884,
1631,10.0,2019,10,0.0460628321115142,
6336,11.0,2019,10,0.03763303277084494,
6626,11.0,2019,10,0.1857566497568906,
7767,9.0,2019,10,0.06849211964293779,
5323,12.0,2019,10,0.08610437897969321,
4136,11.0,2019,10,0.08279267209585886,
6219,14.0,2019,10,0.09423311405819572,
9286,3.0,2019,10,0.059911788171185136,
10129,7.0,2019,10,0.08128735078502508,
5931,14.0,2019,10,0.022579819662506963,
5922,14.0,2019,10,0.045761767849347434,
5491,14.0,2019,10,0.0906203429121946,
5907,12.0,2019,10,0.1368337071547922,
6650,14.0,2019,7,0.06533094489018683,
6199,12.0,2019,10,0.10732940946244976,
6507,14.0,2019,10,0.11169484126386776,
6479,11.0,2019,10,0.034923454411344104,
11177,4.0,2019,10,0.12373741175053815,
6334,11.0,2019,10,0.07827670816335748,
9989,7.0,2019,10,0.0252893980220078,
6798,14.0,2019,10,0.02965482982342581,
6048,12.0,2019,10,0.007376074423085608,
7054,9.0,2019,10,0.005118092456834911,
4329,14.0,2019,10,0.0030106426216675946,
462,10.0,2019,10,0.003311706883834354,
9287,3.0,2019,10,0.005419156719001671,
4416,10.0,2019,10,0.004817028194668152,
6502,14.0,2019,10,0.005419156719001671,
4313,13.0,2019,10,0.0030106426216675946,
5743,11.0,2019,10,0.018364919992172327,
4554,10.0,2019,10,0.006021285243335189,
6943,1.0,2019,10,0.14360765305354428,
1190,10.0,2019,10,0.04485857506284717,
12338,5.0,2019,10,0.014150020321837696,
13517,,2019,10,0.05419156719001672,
14952,6.0,2019,10,0.005118092456834911,
4150,12.0,2019,10,0.003311706883834354,
3717,12.0,2019,10,0.012042570486670378,
10584,5.0,2019,10,0.007827670816335747,
7069,12.0,2019,10,0.023483012449007242,
12312,7.0,2019,10,0.005118092456834911,
5177,12.0,2019,10,0.003311706883834354,
9983,7.0,2019,10,0.021977691138173442,
7800,11.0,2019,10,0.01761225933675543,
10310,3.0,2019,10,0.03191281178967651,
7791,9.0,2019,10,0.0030106426216675946,
9450,3.0,2019,10,0.003311706883834354,
2514,10.0,2019,10,0.008128735078502506,
9553,7.0,2019,10,0.058556998991434725,
7658,12.0,2019,10,0.11169484126386776,
9125,2.0,2019,10,0.05479369571435023,
10136,5.0,2019,10,0.026644187201758214,
11026,4.0,2019,10,0.023784076711174,
2701,13.0,2019,10,0.024988333759841042,
4262,10.0,2019,10,0.004515963932501393,
9407,7.0,2019,10,0.009634056389336305,
18487,,2019,10,0.005419156719001671,
9116,7.0,2019,10,0.06804052324968764,
12056,4.0,2019,10,0.01896704851650585,
1775,10.0,2019,10,0.025891526546341317,
8374,8.0,2019,10,0.006322349505501949,
8232,8.0,2019,10,0.01234363474883714,
5904,12.0,2019,10,0.01806385573000557,
8241,1.0,2019,10,0.06472881636585329,
7952,1.0,2019,10,0.12840390781412292,
9096,9.0,2019,10,0.004515963932501393,
6344,12.0,2019,10,0.033418133100510304,
5640,14.0,2019,10,0.01956917704083937,
12752,7.0,2019,10,0.0015053213108337973,
17175,,2019,10,0.010537249175836582,
7078,13.0,2019,10,0.01806385573000557,
7816,2.0,2019,10,0.01716066294350529,
3982,10.0,2019,10,0.013547891797504178,
7802,8.0,2019,10,0.026493655070674832,
6200,12.0,2019,10,0.04004154686817901,
12019,7.0,2019,10,0.008730863602836026,
10012,3.0,2019,10,0.01926811277867261,
8618,,2019,10,0.0030106426216675946,
10309,3.0,2019,10,0.010537249175836582,
8387,1.0,2020,8,0.004817028194668152,
8362,9.0,2019,10,0.006924478029835469,
5473,13.0,2019,10,0.003311706883834354,
6782,12.0,2019,10,0.024386205235507517,
11470,4.0,2019,10,0.0021074498351673163,
9844,7.0,2019,10,0.0075266065541689875,
7074,12.0,2019,10,0.01896704851650585,
5916,14.0,2019,10,0.01806385573000557,
6195,12.0,2019,10,0.0030106426216675946,
4007,12.0,2019,10,0.006021285243335189,
2517,10.0,2019,10,0.0036127711460011143,
14530,6.0,2019,10,0.014752148846171216,
6480,11.0,2019,10,0.0039138354081678746,
5771,14.0,2019,10,0.0030106426216675946,
2067,10.0,2019,10,0.016558534419171773,
6054,12.0,2019,10,0.012042570486670378,
12367,,2019,10,0.004214899670334633,
9561,4.0,2019,10,0.008128735078502506,
5774,14.0,2019,10,0.02318194818684048,
5625,13.0,2019,10,0.0030106426216675946,
13746,,2019,10,0.015053213108337975,
17528,,2019,10,0.0075266065541689875,
9726,3.0,2019,10,0.004515963932501393,
9282,2.0,2019,10,0.008128735078502506,
14499,,2019,10,0.0030106426216675946,
8382,8.0,2019,10,0.011440441962336859,
6218,14.0,2019,10,0.006773945898752089,
7821,2.0,2019,10,0.01851545212325571,
18837,,2019,10,0.006021285243335189,
10150,4.0,2019,10,0.018364919992172327,
13493,6.0,2019,10,0.006021285243335189,
2530,11.0,2019,10,0.01956917704083937,
5744,11.0,2019,10,0.0015053213108337973,
6775,12.0,2019,10,0.0103867170447532,
9731,3.0,2019,10,0.0018063855730005571,
6924,12.0,2019,10,0.01806385573000557,
8676,8.0,2019,10,0.012795231142087278,
5185,13.0,2019,10,0.002709578359500836,
10742,4.0,2019,10,0.009332992127169544,
9585,3.0,2019,10,0.004515963932501393,
7216,12.0,2019,10,0.0036127711460011143,
10299,4.0,2019,10,0.010236184913669823,
9278,2.0,2019,10,0.008580331471752646,
9579,3.0,2019,10,0.009935120651503064,
7935,9.0,2019,10,0.006322349505501949,
9702,7.0,2019,10,0.008128735078502506,
10873,5.0,2019,10,0.010537249175836582,
9301,3.0,2019,10,0.004817028194668152,
6649,14.0,2019,10,0.03010642621667595,
5733,9.0,2019,10,0.004967560325751532,
8230,8.0,2019,10,0.011741506224503621,
8085,8.0,2019,10,0.0039138354081678746,
6364,14.0,2019,10,0.003311706883834354,
12455,7.0,2019,10,0.009634056389336305,
5912,13.0,2019,10,0.004817028194668152,
9718,3.0,2019,10,0.010236184913669823,
10583,5.0,2019,10,0.016558534419171773,
7961,2.0,2019,10,0.012042570486670378,
9429,3.0,2019,10,0.011440441962336859,
8214,9.0,2019,10,0.007827670816335747,
5906,12.0,2019,10,0.010988845569086723,
6070,14.0,2019,10,0.004515963932501393,
12467,6.0,2019,10,0.002709578359500836,
8672,8.0,2019,10,0.009634056389336305,
10290,5.0,2019,10,0.02709578359500836,
8821,8.0,2019,10,0.008730863602836026,
9281,2.0,2019,10,0.01716066294350529,
10728,5.0,2019,10,0.008128735078502506,
4298,12.0,2019,10,0.003311706883834354,
17123,,2019,10,0.009031927865002785,
10719,7.0,2019,10,0.006924478029835469,
7067,11.0,2019,10,0.012042570486670378,
11591,7.0,2019,10,0.004817028194668152,
3579,13.0,2019,10,0.006021285243335189,
7636,9.0,2019,10,0.004515963932501393,
8673,8.0,2019,10,0.008128735078502506,
3863,12.0,2019,10,0.004817028194668152,
3552,11.0,2019,10,0.020773434089506403,
9283,3.0,2019,10,0.006623413767668708,
4109,10.0,2019,10,0.005419156719001671,
6467,9.0,2019,10,0.008429799340669265,
10582,5.0,2019,10,0.021074498351673163,
7066,11.0,2019,10,0.0072255422920022285,
10744,4.0,2019,10,0.0030106426216675946,
7358,11.0,2019,10,0.013397359666420798,
6762,9.0,2019,10,0.006021285243335189,
8216,9.0,2019,10,0.004817028194668152,
7063,11.0,2019,10,0.0018063855730005571,
6928,12.0,2019,10,0.022579819662506963,
9110,8.0,2019,10,0.008128735078502506,
9138,3.0,2019,10,0.008128735078502506,
1192,10.0,2019,10,0.021676626876006685,
8234,8.0,2019,10,0.009634056389336305,
7234,1.0,2019,10,0.008730863602836026,
5758,12.0,2019,10,0.00617181737441857,
10005,4.0,2019,10,0.010236184913669823,
9988,7.0,2019,10,0.004214899670334633,
7817,2.0,2019,10,0.009332992127169544,
11157,6.0,2019,10,0.006322349505501949,
12020,7.0,2019,10,0.0075266065541689875,
6043,11.0,2019,10,0.012042570486670378,
7068,11.0,2019,10,0.020171305565172888,
12456,7.0,2019,10,0.004817028194668152,
10598,3.0,2019,10,0.008128735078502506,
10872,5.0,2019,10,0.012042570486670378,
8383,8.0,2019,10,0.022278755400340203,
9703,7.0,2019,10,0.009634056389336305,
5197,14.0,2019,10,0.009332992127169544,
12787,4.0,2019,10,0.0039138354081678746,
5767,13.0,2019,10,0.0111393777001701,
8236,8.0,2019,10,0.018364919992172327,
8384,8.0,2019,10,0.019870241303006127,
14960,6.0,2019,10,0.012042570486670378,
3822,10.0,2019,10,0.006021285243335189,
13348,6.0,2019,10,0.007827670816335747,
10570,7.0,2019,10,0.009031927865002785,
12618,6.0,2019,10,0.008128735078502506,
12765,6.0,2019,10,0.006021285243335189,
13056,6.0,2019,10,0.003311706883834354,
8523,8.0,2019,10,0.003311706883834354,
6071,14.0,2019,10,0.009935120651503064,
10589,4.0,2019,10,0.005569688850085051,
2532,11.0,2019,10,0.01716066294350529,
7915,9.0,2019,10,0.0022579819662506967,
8086,8.0,2020,8,0.005720220981168429,
10291,5.0,2020,8,0.015354277370504734,
6625,11.0,2019,10,0.0030106426216675946,
7490,9.0,2020,8,0.0039138354081678746,
7477,9.0,2020,8,0.0007526606554168986,
1483,10.0,2019,10,0.013397359666420798,
3980,10.0,2019,10,0.016106938025921634,
11300,7.0,2019,10,0.006322349505501949,
6067,14.0,2019,10,0.009634056389336305,
12758,6.0,2019,10,0.5891827610603483,
4888,13.0,2020,4,0.010838313438003342,
9867,3.0,2020,8,0.005118092456834911,0.005712516748013061
1047,10.0,2020,8,0.003311706883834354,
10612,3.0,2020,8,0.0018063855730005571,
11306,5.0,2020,8,0.0018063855730005571,
5043,13.0,2020,8,0.0021074498351673163,
13654,6.0,2020,8,0.0039138354081678746,
5306,11.0,2020,8,0.004214899670334633,
13513,4.0,2020,8,0.0018063855730005571,
2094,11.0,2020,8,0.004214899670334633,
10587,4.0,2020,8,0.004214899670334633,
4552,10.0,2020,8,0.0018063855730005571,
8532,1.0,2020,8,0.0018063855730005571,
10292,5.0,2020,8,0.012644699011003898,
14517,6.0,2020,8,0.0039138354081678746,
5339,14.0,2020,8,0.0021074498351673163,
11018,5.0,2020,8,0.0021074498351673163,
2676,11.0,2020,8,0.006021285243335189,
10016,3.0,2020,8,0.0018063855730005571,
4256,10.0,2020,8,0.0036127711460011143,
3981,10.0,2020,8,0.0021074498351673163,
11019,5.0,2020,8,0.0039138354081678746,
3971,10.0,2020,8,0.002408514097334076,
8076,9.0,2020,8,0.006322349505501949,
7670,1.0,2020,8,0.0036127711460011143,
12179,6.0,2020,8,0.004817028194668152,
9577,3.0,2020,5,0.001204257048667038,
5919,14.0,2020,8,0.004214899670334633,
9529,9.0,2020,8,0.005419156719001671,
10420,7.0,2020,7,0.0018063855730005571,
15712,,2020,8,0.0018063855730005571,
8378,8.0,2020,8,0.0021074498351673163,
5624,13.0,2020,8,0.0021074498351673163,
10438,5.0,2020,8,0.0030106426216675946,
9285,3.0,2020,8,0.0021074498351673163,
4122,10.0,2020,8,0.0021074498351673163,
4405,10.0,2020,8,0.0018063855730005571,
11461,5.0,2020,8,0.0021074498351673163,
10018,3.0,2020,8,0.0036127711460011143,
8841,2.0,2020,8,0.006924478029835469,
4761,14.0,2020,8,0.004515963932501393,
6191,11.0,2020,8,0.0021074498351673163,
4046,14.0,2020,8,0.0018063855730005571,
3706,11.0,2019,10,0.2724631572609173,
11741,6.0,2020,8,0.002408514097334076,
6331,11.0,2020,8,0.006021285243335189,
3102,10.0,2020,8,0.0021074498351673163,
8240,1.0,2020,8,0.0039138354081678746,
6644,13.0,2020,8,0.0018063855730005571,
13495,6.0,2020,8,0.0039138354081678746,
11148,7.0,2020,8,0.002408514097334076,
9580,3.0,2020,8,0.0018063855730005571,
8527,8.0,2020,8,0.006322349505501949,3.2350227071342395e-05
11302,7.0,2020,8,0.0018063855730005571,
11307,5.0,2020,8,0.0018063855730005571,
3862,12.0,2019,10,0.003311706883834354,
10244,9.0,2020,8,0.0018063855730005571,
14094,6.0,2020,8,0.0021074498351673163,
9090,9.0,2020,8,0.0018063855730005571,
11319,4.0,2020,8,0.0018063855730005571,
3979,10.0,2020,8,0.003311706883834354,
8074,9.0,2020,8,0.0021074498351673163,
9990,7.0,2019,4,0.0031611747527509745,
8988,2.0,2020,8,0.004214899670334633,
4117,10.0,2020,8,0.0021074498351673163,
3676,10.0,2020,8,0.0021074498351673163,
7785,9.0,2020,8,0.0018063855730005571,
9557,7.0,2020,8,0.0030106426216675946,
3090,10.0,2020,8,0.0021074498351673163,
9717,4.0,2020,8,0.0018063855730005571,
11011,7.0,2020,8,0.0036127711460011143,
7798,8.0,2020,8,0.006322349505501949,
7051,9.0,2020,8,0.0021074498351673163,
6046,11.0,2020,8,0.004214899670334633,
16112,6.0,2020,8,0.0021074498351673163,
6483,11.0,2019,4,0.0022579819662506967,
4259,10.0,2020,8,0.004214899670334633,
13310,,2020,8,0.0018063855730005571,
9744,3.0,2020,8,0.0018063855730005571,
12193,5.0,2020,8,0.0021074498351673163,
2702,13.0,2020,8,0.0018063855730005571,
10154,4.0,2019,10,0.005419156719001671,
2241,11.0,2020,8,0.0021074498351673163,
5044,13.0,2020,8,0.0021074498351673163,
6066,14.0,2020,8,0.006623413767668708,
14660,6.0,2020,8,0.0021074498351673163,
7361,11.0,2020,8,0.004817028194668152,
6647,14.0,2020,8,0.0075266065541689875,
12822,,2020,8,0.0036127711460011143,
12788,4.0,2020,8,0.0021074498351673163,
9294,3.0,2020,8,0.0021074498351673163,
901,10.0,2020,8,0.0036127711460011143,
17029,,2020,8,0.0018063855730005571,
8485,9.0,2020,8,0.0018063855730005571,
7210,11.0,2020,8,0.0021074498351673163,
12458,7.0,2019,10,0.0364287757221779,
2223,10.0,2020,8,0.0039138354081678746,
11879,7.0,2020,8,0.0039138354081678746,
7930,9.0,2020,8,0.0039138354081678746,
3970,10.0,2020,8,0.0030106426216675946,
5626,13.0,2020,8,0.0021074498351673163,
11160,6.0,2020,8,0.006322349505501949,
10585,4.0,2020,8,0.0018063855730005571,
2065,10.0,2020,8,0.0018063855730005571,
7214,11.0,2020,8,0.004214899670334633,
2500,10.0,2020,8,0.004214899670334633,
6616,9.0,2020,8,0.0018063855730005571,
10577,5.0,2020,8,0.0039138354081678746,
4900,14.0,2020,8,0.0021074498351673163,
9701,7.0,2020,8,0.0018063855730005571,
4908,14.0,2020,8,0.0018063855730005571,
10138,5.0,2020,8,0.006623413767668708,
6909,9.0,2020,8,0.004214899670334633,
6760,9.0,2020,8,0.0021074498351673163,
6764,9.0,2020,8,0.002408514097334076,
13045,7.0,2020,8,0.0018063855730005571,
10297,4.0,2020,8,0.0018063855730005571,
11913,4.0,2020,8,0.0021074498351673163,
16137,6.0,2020,8,0.0021074498351673163,
7356,11.0,2020,8,0.0021074498351673163,
11326,4.0,2019,5,0.005118092456834911,
4258,10.0,2020,8,0.002408514097334076,
900,10.0,2020,8,0.006021285243335189,
7202,9.0,2020,8,0.0039138354081678746,
12339,5.0,2020,8,0.0021074498351673163,
11733,7.0,2020,8,0.002408514097334076,
7056,9.0,2020,8,0.004214899670334633,0.020205946426688527
4267,10.0,2020,8,0.002709578359500836,
6318,9.0,2020,8,0.0021074498351673163,
5905,12.0,2020,8,0.011741506224503621,
4420,10.0,2020,8,0.0021074498351673163,
6929,12.0,2020,8,0.006322349505501949,
6051,12.0,2020,8,0.004214899670334633,
10729,5.0,2020,8,0.0021074498351673163,
10425,7.0,2020,8,0.0021074498351673163,
9107,8.0,2020,8,0.0018063855730005571,
11554,9.0,2020,8,0.0021074498351673163,
13223,4.0,2020,8,0.0018063855730005571,
3526,10.0,2020,8,0.0039138354081678746,
9298,3.0,2020,8,0.0021074498351673163,
15848,6.0,2020,8,0.0036127711460011143,
2801,10.0,2020,8,0.002408514097334076,
7967,2.0,2020,8,0.0039138354081678746,
9714,4.0,2020,8,0.003311706883834354,
6491,12.0,2020,6,0.0018063855730005571,
3682,10.0,2020,8,0.0021074498351673163,
7057,9.0,2020,8,0.0021074498351673163,
9237,9.0,2020,8,0.0018063855730005571,
11873,7.0,2020,8,0.002408514097334076,
12059,4.0,2020,8,0.0039138354081678746,
4112,10.0,2020,8,0.0021074498351673163,
9134,2.0,2020,8,0.004817028194668152,
7212,11.0,2019,10,0.006924478029835469,
4272,10.0,2020,8,0.002408514097334076,
9847,7.0,2020,8,0.0021074498351673163,
10275,7.0,2020,8,0.0018063855730005571,
2791,10.0,2020,8,0.0021074498351673163,
9568,4.0,2019,10,0.008128735078502506,
6176,9.0,2020,8,0.0021074498351673163,
10139,5.0,2020,8,0.006021285243335189,
10879,4.0,2019,10,0.002709578359500836,
3976,10.0,2020,8,0.0018063855730005571,
6618,9.0,2020,8,0.0018063855730005571,
12750,7.0,2020,8,0.0018063855730005571,
8377,8.0,2020,8,0.0021074498351673163,
11902,5.0,2020,8,0.0021074498351673163,
9876,3.0,2020,8,0.0018063855730005571,
5470,12.0,2020,8,0.006322349505501949,
8799,9.0,2020,8,0.0018063855730005571,
11309,5.0,2020,8,0.0018063855730005571,
4458,13.0,2020,8,0.0021074498351673163,
10162,3.0,2020,8,0.004515963932501393,
4111,10.0,2020,8,0.002408514097334076,
12607,7.0,2020,8,0.0039138354081678746,
11443,7.0,2020,8,0.004214899670334633,
5773,14.0,2020,8,0.006021285243335189,
8815,8.0,2020,8,0.004214899670334633,
10611,3.0,2020,8,0.0021074498351673163,
13514,4.0,2020,8,0.0021074498351673163,
11452,5.0,2020,8,0.0036127711460011143,
11869,,2020,8,0.002709578359500836,
11736,7.0,2019,10,0.01926811277867261,
6332,11.0,2020,8,0.0018063855730005571,
8664,9.0,2020,8,0.0021074498351673163,
3146,13.0,2020,8,0.0018063855730005571,
10711,7.0,2020,8,0.0018063855730005571,
3823,10.0,2020,8,0.002408514097334076,
10134,7.0,2020,8,0.0018063855730005571,
4561,10.0,2020,8,0.0021074498351673163,
17756,,2020,8,0.0018063855730005571,
5042,13.0,2020,8,0.002408514097334076,
10564,7.0,2020,8,0.004214899670334633,
5901,11.0,2020,8,0.0018063855730005571,
11458,5.0,2020,8,0.0021074498351673163,
4273,10.0,2020,8,0.0021074498351673163,
7224,13.0,2019,5,0.002709578359500836,
4548,10.0,2020,8,0.0021074498351673163,
9383,9.0,2019,10,0.0030106426216675946,
18992,,2020,8,0.0018063855730005571,
6468,9.0,2020,8,0.002408514097334076,
4701,10.0,2020,8,0.0018063855730005571,
6923,12.0,2020,8,0.004817028194668152,
6905,9.0,2020,8,0.004214899670334633,
7087,1.0,2020,8,0.0021074498351673163,
6919,11.0,2019,5,0.004515963932501393,
6208,14.0,2020,8,0.0018063855730005571,
5927,14.0,2020,8,0.012042570486670378,
2239,11.0,2020,8,0.0021074498351673163,
9716,4.0,2020,8,0.0018063855730005571,
5004,10.0,2020,8,0.0021074498351673163,
5686,,2020,8,0.0018063855730005571,
9552,7.0,2020,8,0.0021074498351673163,
4268,10.0,2020,8,0.0018063855730005571,
14806,6.0,2020,8,0.002408514097334076,
12346,4.0,2020,8,0.0018063855730005571,
7058,9.0,2020,8,0.0021074498351673163,
14236,6.0,2020,8,0.0021074498351673163,
10294,4.0,2020,8,0.0018063855730005571,
10740,4.0,2020,8,0.0021074498351673163,
8224,9.0,2020,8,0.002709578359500836,
4566,10.0,2020,8,0.0018063855730005571,
4261,10.0,2020,8,0.0018063855730005571,
9877,3.0,2019,7,0.004666496063584772,
10578,5.0,2020,8,0.0021074498351673163,
7503,11.0,2020,8,0.0021074498351673163,
3395,10.0,2020,8,0.004817028194668152,
7772,9.0,2020,8,0.0030106426216675946,
7213,11.0,2020,8,0.010537249175836582,
10289,5.0,2020,8,0.0039138354081678746,
10710,7.0,2020,8,0.002408514097334076,
12352,4.0,2020,8,0.0018063855730005571,
4877,12.0,2020,8,0.0018063855730005571,
3540,10.0,2019,10,0.012644699011003898,
15256,6.0,2020,8,0.0018063855730005571,
7492,9.0,2020,8,0.0018063855730005571,
8078,9.0,2019,10,0.016558534419171773,
9144,3.0,2020,8,0.0021074498351673163,
10736,4.0,2020,8,0.004214899670334633,
13480,7.0,2020,8,0.0018063855730005571,
5331,13.0,2020,8,0.0036127711460011143,0.07186231793509336
14702,,2020,8,0.0018063855730005571,
8807,9.0,2020,8,0.0021074498351673163,
2372,10.0,2020,8,0.004214899670334633,
5903,12.0,2020,8,0.0018063855730005571,
10579,5.0,2020,8,0.0021074498351673163,
6461,9.0,2020,8,0.0021074498351673163,
3995,11.0,2020,8,0.0021074498351673163,
10307,3.0,2019,10,0.0039138354081678746,
5037,13.0,2020,8,0.002408514097334076,
7771,9.0,2020,8,0.0021074498351673163,
10874,5.0,2020,8,0.005720220981168429,
10015,3.0,2020,8,0.0021074498351673163,
4153,12.0,2020,5,0.0015053213108337973,
2658,10.0,2020,8,0.0021074498351673163,
9728,3.0,2020,8,0.0018063855730005571,
4123,10.0,2020,8,0.0021074498351673163,
5182,13.0,2020,8,0.0021074498351673163,
9873,3.0,2020,8,0.004214899670334633,
2383,11.0,2020,8,0.0021074498351673163,
6500,14.0,2020,8,0.0018063855730005571,
1485,10.0,2020,8,0.0021074498351673163,
7064,11.0,2020,8,0.0018063855730005571,
11880,7.0,2020,8,0.006021285243335189,
11593,7.0,2020,8,0.0018063855730005571,
3554,11.0,2020,8,0.0018063855730005571,
7632,9.0,2020,8,0.004214899670334633,
8967,8.0,2020,8,0.0018063855730005571,
8229,8.0,2019,10,0.004817028194668152,
4857,10.0,2020,8,0.0018063855730005571,
9729,3.0,2020,8,0.0021074498351673163,
6652,14.0,2020,8,0.0021074498351673163,
9149,3.0,2020,8,0.002408514097334076,
12311,7.0,2020,8,0.0018063855730005571,
8795,9.0,2020,8,0.0018063855730005571,
12471,6.0,2020,3,0.0006021285243335188,
2064,10.0,2020,8,0.003311706883834354,
10153,4.0,2020,8,0.0018063855730005571,
15094,6.0,2020,8,0.0021074498351673163,
9141,3.0,2020,8,0.0021074498351673163,
4604,13.0,2020,8,0.0021074498351673163,
10011,4.0,2020,8,0.0021074498351673163,
2355,10.0,2019,7,0.004064367539251253,
2224,10.0,2020,8,0.0039138354081678746,
10733,4.0,2020,8,0.0018063855730005571,
12026,7.0,2020,8,0.0021074498351673163,
11589,7.0,2020,8,0.0018063855730005571,
6039,11.0,2020,5,0.001204257048667038,
11740,6.0,2020,8,0.0018063855730005571,
9250,8.0,2020,8,0.0021074498351673163,
8373,8.0,2020,8,0.0018063855730005571,
2531,11.0,2020,8,0.0018063855730005571,
3819,10.0,2020,8,0.0018063855730005571,
5187,13.0,2019,7,0.003311706883834354,
3003,14.0,2020,8,0.0018063855730005571,
9586,3.0,2020,8,0.002709578359500836,
4310,13.0,2020,8,0.0021074498351673163,
4903,14.0,2020,8,0.0018063855730005571,
5908,12.0,2020,8,0.002408514097334076,
6608,9.0,2020,8,0.0018063855730005571,
12138,,2020,8,0.0018063855730005571,
1193,10.0,2020,8,0.004214899670334633,
2213,10.0,2020,8,0.0018063855730005571,
8225,9.0,2020,8,0.0021074498351673163,
4845,10.0,2020,8,0.0021074498351673163,
11017,5.0,2020,8,0.0018063855730005571,
14820,6.0,2020,8,0.0021074498351673163,
11301,7.0,2020,8,0.0018063855730005571,
755,10.0,2020,8,0.0021074498351673163,
5332,13.0,2020,8,0.0018063855730005571,
4141,11.0,2019,7,0.0030106426216675946,
5328,13.0,2020,8,0.002408514097334076,
8231,8.0,2020,8,0.0021074498351673163,
10313,3.0,2020,8,0.0021074498351673163,
7673,2.0,2020,8,0.002709578359500836,
3835,10.0,2020,8,0.0018063855730005571,
17351,,2020,8,0.0036127711460011143,
10887,4.0,2020,8,0.0021074498351673163,
5623,14.0,2020,8,0.0018063855730005571,
5589,9.0,2020,8,0.0036127711460011143,
2960,10.0,2020,8,0.0018063855730005571,
10014,3.0,2020,8,0.0018063855730005571,
14953,6.0,2020,8,0.0018063855730005571,
5647,15.0,2020,8,0.0018063855730005571,
10159,3.0,2020,8,0.0018063855730005571,
9880,3.0,2020,4,0.0009031927865002784,
2430,14.0,2020,8,0.0018063855730005571,
8242,1.0,2019,10,0.006623413767668708,
13757,,2020,8,0.0018063855730005571,
8233,8.0,2020,8,0.0021074498351673163,
9675,9.0,2020,8,0.002408514097334076,
11296,7.0,2020,8,0.0021074498351673163,
10013,3.0,2020,8,0.002408514097334076,
14079,6.0,2020,8,0.0021074498351673163,
8990,2.0,2020,8,0.004515963932501393,
5337,14.0,2020,8,0.0018063855730005571,
5646,15.0,2020,8,0.0015053213108337973,
10886,4.0,2020,8,0.0021074498351673163,
9002,3.0,2020,8,0.0018063855730005571,
13498,6.0,2020,8,0.0018063855730005571,
14371,6.0,2020,8,0.0018063855730005571,
5345,14.0,2019,7,0.0034622390149177344,
1920,10.0,2020,8,0.0021074498351673163,
3968,10.0,2019,7,0.004817028194668152,
14669,6.0,2020,8,0.0021074498351673163,
3394,10.0,2020,8,0.0021074498351673163,
10451,4.0,2020,8,0.0018063855730005571,
10144,5.0,2020,8,0.0030106426216675946,
10110,9.0,2020,8,0.0018063855730005571,
12316,7.0,2020,8,0.0018063855730005571,
12764,6.0,2019,7,0.002709578359500836,
11294,7.0,2019,7,0.0025590462284174557,
13210,6.0,2020,8,0.0018063855730005571,
4045,14.0,2020,3,0.00030106426216675947,
2366,10.0,2020,3,0.00030106426216675947,
14531,6.0,2020,8,0.001204257048667038,
7947,8.0,2020,5,0.013848956059670936,
5909,12.0,2020,5,0.002408514097334076,
14226,6.0,2020,5,0.00030106426216675947,
6597,9.0,2020,5,0.0006021285243335188,
14955,6.0,2020,5,0.00030106426216675947,
7916,9.0,2020,5,0.0006021285243335188,
11261,9.0,2020,5,0.00030106426216675947,
9382,9.0,2020,5,0.0015053213108337973,
13635,,2020,5,0.00030106426216675947,
11303,6.0,2020,5,0.00030106426216675947,
11181,4.0,2020,5,0.0009031927865002784,
11612,4.0,2020,5,0.00030106426216675947,
11462,5.0,2020,5,0.00030106426216675947,
8669,8.0,2020,5,0.001204257048667038,
9565,2.0,2020,5,0.00030106426216675947,
2892,15.0,2020,5,0.0006021285243335188,
4606,13.0,2020,5,0.0015053213108337973,
7053,9.0,2020,5,0.00030106426216675947,
8278,15.0,2020,5,0.00030106426216675947,
12633,6.0,2020,5,0.00030106426216675947,
10479,3.0,2020,5,0.0072255422920022285,
7643,9.0,2020,5,0.001204257048667038,
11881,7.0,2020,5,0.00030106426216675947,
5899,11.0,2020,5,0.0006021285243335188,
7826,15.0,2020,5,0.0006021285243335188,
12470,6.0,2020,5,0.00030106426216675947,
8210,9.0,2020,5,0.0009031927865002784,
4594,13.0,2020,5,0.00030106426216675947,
7094,15.0,2020,5,0.0021074498351673163,
10167,3.0,2020,5,0.00030106426216675947,
7962,2.0,2020,5,0.0009031927865002784,
10857,7.0,2020,5,0.001204257048667038,
12911,6.0,2020,5,0.00030106426216675947,
7647,9.0,2020,5,0.00030106426216675947,
8254,2.0,2020,5,0.0006021285243335188,
11292,7.0,2020,5,0.00030106426216675947,
5890,11.0,2020,5,0.00030106426216675947,
8678,1.0,2020,5,0.00030106426216675947,
6607,9.0,2020,5,0.0006021285243335188,
7206,9.0,2020,5,0.001204257048667038,
5596,11.0,2020,5,0.0009031927865002784,
10759,3.0,2020,5,0.0006021285243335188,
4553,10.0,2020,5,0.0015053213108337973,
7819,2.0,2020,5,0.00030106426216675947,
3630,15.0,2020,5,0.00030106426216675947,
12902,7.0,2020,5,0.0009031927865002784,
7560,15.0,2020,5,0.00030106426216675947,
4407,10.0,2020,5,0.0009031927865002784,
7504,8.0,2020,5,0.0009031927865002784,
12335,5.0,2020,5,0.00030106426216675947,
4266,10.0,2020,5,0.0006021285243335188,
14513,6.0,2020,5,0.0009031927865002784,
18731,,2020,5,0.005419156719001671,
4738,12.0,2020,5,0.00030106426216675947,
2900,15.0,2020,5,0.00030106426216675947,
8426,15.0,2020,5,0.00030106426216675947,
12608,7.0,2020,5,0.0006021285243335188,
13773,7.0,2020,5,0.0009031927865002784,
8571,15.0,2020,5,0.0006021285243335188,
3817,10.0,2020,5,0.00030106426216675947,
11171,4.0,2020,5,0.0006021285243335188,
6632,12.0,2020,5,0.0006021285243335188,
11754,5.0,2020,5,0.0009031927865002784,
1410,14.0,2020,5,0.00030106426216675947,
5347,14.0,2020,5,0.00030106426216675947,
4338,14.0,2020,5,0.00030106426216675947,
4005,12.0,2020,5,0.0009031927865002784,
6315,9.0,2020,5,0.00030106426216675947,
13937,6.0,2020,5,0.00030106426216675947,
8498,9.0,2020,5,0.00030106426216675947,
9992,5.0,2020,5,0.0006021285243335188,
4255,10.0,2020,5,0.0009031927865002784,
5343,14.0,2020,5,0.0021074498351673163,
10115,8.0,2020,5,0.00030106426216675947,
6969,15.0,2020,5,0.00030106426216675947,
10551,8.0,2020,5,0.00030106426216675947,
14222,6.0,2020,5,0.00030106426216675947,
7486,9.0,2020,5,0.00030106426216675947,
15969,6.0,2020,5,0.001204257048667038,
3727,13.0,2020,5,0.00030106426216675947,
7622,9.0,2020,5,0.00030106426216675947,
2679,11.0,2020,5,0.00030106426216675947,
4411,10.0,2020,5,0.00030106426216675947,
4006,12.0,2020,5,0.0006021285243335188,
7966,2.0,2020,5,0.00030106426216675947,
9089,9.0,2020,5,0.00030106426216675947,
5150,10.0,2020,5,0.0018063855730005571,
4840,10.0,2020,5,0.00030106426216675947,
3570,12.0,2020,5,0.00030106426216675947,
6197,12.0,2019,7,0.0025590462284174557,
3591,14.0,2020,5,0.00030106426216675947,
7786,9.0,2020,5,0.0006021285243335188,
11446,7.0,2020,5,0.0009031927865002784,
4269,10.0,2020,5,0.00030106426216675947,
12475,6.0,2020,5,0.0009031927865002784,
3726,13.0,2020,5,0.00030106426216675947,
7247,15.0,2020,5,0.00030106426216675947,
5209,14.0,2020,5,0.0006021285243335188,
8380,8.0,2020,8,0.0015053213108337973,
5620,13.0,2020,5,0.0006021285243335188,
5475,13.0,2020,5,0.00030106426216675947,
13643,6.0,2020,5,0.00030106426216675947,
11437,,2020,5,0.0009031927865002784,
4745,13.0,2020,5,0.00030106426216675947,
7768,9.0,2020,5,0.00030106426216675947,
7055,9.0,2020,5,0.00030106426216675947,
4326,14.0,2020,5,0.00030106426216675947,
4167,13.0,2020,5,0.00030106426216675947,
11911,4.0,2020,5,0.00030106426216675947,
6804,15.0,2020,5,0.0006021285243335188,
7970,15.0,2020,5,0.0015053213108337973,
7789,9.0,2020,5,0.00030106426216675947,
8520,8.0,2020,5,0.0006021285243335188,
8511,9.0,2020,5,0.0006021285243335188,
12165,7.0,2020,5,0.0009031927865002784,
9258,8.0,2020,5,0.00030106426216675947,
10143,5.0,2020,5,0.001204257048667038,
3698,11.0,2020,5,0.0018063855730005571,
6056,13.0,2020,5,0.0006021285243335188,
8386,1.0,2020,5,0.00030106426216675947,
10596,4.0,2020,5,0.00030106426216675947,
7065,11.0,2020,5,0.0006021285243335188,
2371,10.0,2020,5,0.0009031927865002784,
2385,11.0,2020,5,0.0009031927865002784,
5598,11.0,2020,5,0.00030106426216675947,
7635,9.0,2020,5,0.00030106426216675947,
7799,11.0,2020,5,0.0009031927865002784,
6774,11.0,2020,5,0.00030106426216675947,
5587,9.0,2020,5,0.00030106426216675947,
7960,1.0,2020,5,0.00030106426216675947,
5918,14.0,2020,5,0.00030106426216675947,
11576,7.0,2020,5,0.00030106426216675947,
6773,11.0,2020,5,0.0006021285243335188,
6337,11.0,2020,5,0.00030106426216675947,
10743,4.0,2020,5,0.0006021285243335188,
9251,8.0,2020,5,0.0015053213108337973,
4008,12.0,2020,5,0.00030106426216675947,
10599,3.0,2020,5,0.0009031927865002784,
11295,7.0,2020,5,0.00030106426216675947,
15106,6.0,2020,5,0.00030106426216675947,
6194,12.0,2020,5,0.00030106426216675947,
9448,3.0,2020,5,0.00030106426216675947,
7624,9.0,2020,5,0.00030106426216675947,
8376,8.0,2020,5,0.001204257048667038,
11162,5.0,2020,5,0.0009031927865002784,
13367,4.0,2020,5,0.00030106426216675947,
7532,15.0,2020,5,0.00030106426216675947,
10006,4.0,2020,5,0.0006021285243335188,
10002,4.0,2019,7,0.004817028194668152,
2516,10.0,2020,5,0.00030106426216675947,
11061,3.0,2020,5,0.00030106426216675947,
8273,15.0,2020,5,0.00030106426216675947,
4047,14.0,2020,5,0.00030106426216675947,
11156,7.0,2020,5,0.0006021285243335188,
10389,9.0,2020,5,0.00030106426216675947,
13494,6.0,2020,5,0.00030106426216675947,
11173,4.0,2020,5,0.00030106426216675947,
7639,9.0,2020,5,0.00030106426216675947,
8697,2.0,2020,5,0.00030106426216675947,
8486,9.0,2020,5,0.00030106426216675947,
12025,7.0,2020,5,0.00030106426216675947,
6470,9.0,2020,5,0.0006021285243335188,
5047,14.0,2020,5,0.00030106426216675947,
2823,11.0,2020,5,0.00030106426216675947,
13369,4.0,2020,5,0.00030106426216675947,
10876,5.0,2020,5,0.0009031927865002784,
15847,6.0,2020,5,0.0006021285243335188,
10421,7.0,2020,5,0.00030106426216675947,
12751,,2020,5,0.00030106426216675947,
7932,9.0,2020,5,0.00030106426216675947,
3337,15.0,2020,5,0.0006021285243335188,
5772,14.0,2020,5,0.00030106426216675947,
11603,5.0,2020,5,0.00030106426216675947,
3293,13.0,2020,5,0.00030106426216675947,
3672,10.0,2020,5,0.00030106426216675947,
10243,9.0,2020,5,0.00030106426216675947,
5754,11.0,2020,5,0.00030106426216675947,
9528,9.0,2020,5,0.0006021285243335188,
6814,15.0,2020,5,0.00030106426216675947,
9401,8.0,2020,5,0.0006021285243335188,
4700,10.0,2020,5,0.00030106426216675947,
6519,15.0,2020,5,0.00030106426216675947,
11360,,2020,5,0.00030106426216675947,
9689,8.0,2020,5,0.00030106426216675947,
12207,4.0,2020,5,0.00030106426216675947,
11441,7.0,2020,5,0.00030106426216675947,
7252,15.0,2020,5,0.00030106426216675947,
7491,9.0,2019,5,0.0009031927865002784,
8080,9.0,2020,5,0.00030106426216675947,
6624,11.0,2020,5,0.00030106426216675947,
5338,14.0,2020,5,0.0006021285243335188,
5183,13.0,2020,5,0.00030106426216675947,
9874,3.0,2020,8,0.001204257048667038,
3978,10.0,2020,5,0.00030106426216675947,
10168,3.0,2020,8,0.001204257048667038,
3553,11.0,2020,5,0.00030106426216675947,
8966,8.0,2020,5,0.00030106426216675947,
13653,6.0,2020,5,0.00030106426216675947,
14678,6.0,2020,5,0.00030106426216675947,
8649,9.0,2020,5,0.00030106426216675947,
6797,14.0,2020,5,0.00030106426216675947,
10732,4.0,2020,5,0.00030106426216675947,
7203,9.0,2020,5,0.00030106426216675947,
11590,7.0,2020,5,0.00030106426216675947,
5501,15.0,2020,5,0.0006021285243335188,
10565,7.0,2020,5,0.00030106426216675947,
10285,5.0,2020,5,0.00030106426216675947,
3974,10.0,2020,5,0.00030106426216675947,
2677,11.0,2020,5,0.00030106426216675947,
4904,14.0,2020,5,0.00030106426216675947,
4562,10.0,2020,5,0.00030106426216675947,
8418,15.0,2020,5,0.00030106426216675947,
6673,15.0,2020,5,0.00030106426216675947,
4263,10.0,2020,5,0.00030106426216675947,
2959,10.0,2020,5,0.00030106426216675947,
15097,6.0,2020,5,0.00030106426216675947,
10025,3.0,2020,5,0.00030106426216675947,
2576,14.0,2020,5,0.00030106426216675947,
9147,3.0,2020,5,0.00030106426216675947,
5072,15.0,2020,5,0.00030106426216675947,
5913,13.0,2020,5,0.00030106426216675947,
10256,9.0,2020,5,0.00030106426216675947,
14961,6.0,2020,5,0.00030106426216675947,
4927,15.0,2020,8,0.0009031927865002784,
13656,6.0,2020,8,0.0009031927865002784,
10723,5.0,2020,8,0.0009031927865002784,
2075,10.0,2019,10,0.0021074498351673163,
4129,10.0,2020,8,0.0009031927865002784,
10592,4.0,2020,8,0.0009031927865002784,
13542,,2020,8,0.0009031927865002784,
4270,10.0,2020,8,0.0009031927865002784,
12616,6.0,2020,8,0.0006021285243335188,
3466,14.0,2020,8,0.0018063855730005571,
2508,10.0,2020,8,0.0006021285243335188,
2511,10.0,2019,5,0.0009031927865002784,
8270,15.0,2019,7,0.0036127711460011143,
10128,8.0,2019,5,0.0009031927865002784,
3830,10.0,2019,7,0.0009031927865002784,
5330,13.0,2019,5,0.0009031927865002784,
12034,6.0,2019,5,0.00030106426216675947,
4858,10.0,2019,4,0.00030106426216675947,
10609,3.0,2019,10,0.001204257048667038,
5643,14.0,2019,10,0.03191281178967651,
4588,12.0,2019,7,0.014902680977254596,
5957,15.0,2019,7,0.0031611747527509745,
7111,15.0,2019,10,0.0036127711460011143,
6753,9.0,2019,7,0.0013547891797504178,
15243,6.0,2019,7,0.0013547891797504178,
10735,4.0,2019,5,0.001204257048667038,
6614,9.0,2019,10,0.0018063855730005571,
4889,13.0,2019,4,0.00030106426216675947,
11036,4.0,2019,5,0.0006021285243335188,
10165,3.0,2019,7,0.0013547891797504178,
2945,10.0,2019,7,0.0009031927865002784,
12610,7.0,2019,10,0.004817028194668152,
4406,10.0,2019,7,0.004064367539251253,
11471,4.0,2019,7,0.0031611747527509745,
13946,6.0,2019,10,0.0004515963932501392,
6655,14.0,2019,5,0.0004515963932501392,
7494,9.0,2019,7,0.0007526606554168986,
10863,7.0,2020,6,,0.15278105043504744
10863,7.0,2020,7,,0.529475529716077
10863,7.0,2020,8,,0.4586770982475621
10863,7.0,2020,9,,0.5785007365258409
10863,7.0,2020,10,,0.02963866959118845
9408,7.0,2020,6,,0.6212606576562111
9408,7.0,2020,7,,0.8813199741020908
9408,7.0,2020,8,,0.7734269853096755
9408,7.0,2020,9,,0.6618579013991844
8542,1.0,2020,6,,0.8915188933382561
8542,1.0,2020,7,,1.130340708867697
7084,1.0,2020,6,,0.3315189601355287
7084,1.0,2020,7,,3.1996017419322214
7084,1.0,2020,8,,2.814864636944262
7084,1.0,2020,9,,2.6474468818954104
7084,1.0,2020,10,,0.2563308949610589
7073,12.0,2020,6,,0.1267238034602816
7073,12.0,2020,7,,0.2338737851319068
7073,12.0,2020,8,,0.32899355736251634
7073,12.0,2020,9,,0.7295315042057354
7073,12.0,2020,10,,0.031990572068188984
12911,6.0,2020,6,,0.8178230349241384
12911,6.0,2020,7,,2.7387944750517086
12911,6.0,2020,8,,3.0593797118726664
12911,6.0,2020,9,,2.757914012867191
12911,6.0,2020,10,,0.16819727272210938
8239,8.0,2020,6,,2.9709175550602063
8239,8.0,2020,7,,4.607025953627197
8239,8.0,2020,8,,2.9229660564599063
8239,8.0,2020,9,,10.0
8239,8.0,2020,10,,0.16889978013310433
3379,10.0,2020,6,,0.204064379753096
3379,10.0,2020,7,,1.1945381705217937
3379,10.0,2020,8,,0.6495535391514042
3379,10.0,2020,9,,0.8295105899436329
3379,10.0,2020,10,,0.008717814309954004
7931,9.0,2020,6,,0.9521505397916432
7931,9.0,2020,7,,1.4289864963949812
7931,9.0,2020,8,,0.652251968789914
7931,9.0,2020,9,,1.317314283089178
7931,9.0,2020,10,,0.0997402285553183
7954,1.0,2020,6,,6.394702655346833
7954,1.0,2020,7,,5.8786588319000765
7954,1.0,2020,8,,6.543076496285057
7954,1.0,2020,9,,9.412039675529313
7954,1.0,2020,10,,1.0577843867900965
7645,9.0,2020,6,,3.4824844024806434
7645,9.0,2020,7,,4.355583520347334
7645,9.0,2020,8,,6.704160965018534
7645,9.0,2020,9,,3.467683200127543
7645,9.0,2020,10,,0.218034175380438
7947,8.0,2020,6,,0.425822045133743
7947,8.0,2020,7,,0.6671279922213915
7947,8.0,2020,8,,1.0639537181091898
7947,8.0,2020,9,,1.1333483745811712
7947,8.0,2020,10,,0.1655544343996087
8100,1.0,2020,6,,2.088912341888634
8100,1.0,2020,7,,5.031964325145016
8100,1.0,2020,8,,4.493607337491062
8100,1.0,2020,9,,5.0551824785603845
8100,1.0,2020,10,,0.6268627653135588
8091,8.0,2020,6,,0.2130843009015067
8091,8.0,2020,7,,0.11844844815710034
8091,8.0,2020,8,,0.20364329247247484
8091,8.0,2020,9,,0.1910373720461752
8091,8.0,2020,10,,0.014600488869998712
6775,12.0,2020,6,,0.1154896333493581
6775,12.0,2020,7,,0.23337671578850303
6775,12.0,2020,8,,0.5046087492817724
6775,12.0,2020,9,,0.3908626332264299
6775,12.0,2020,10,,0.04230509226257212
8535,1.0,2020,6,,0.08192977118073894
8535,1.0,2020,7,,0.20487490919981374
8535,1.0,2020,8,,0.017353710002814736
8535,1.0,2020,9,,0.050657633760358936
8535,1.0,2020,10,,0.004070835156820579
6204,13.0,2020,6,,1.0303424150371947
6204,13.0,2020,7,,0.8044428605788803
6204,13.0,2020,8,,1.0167787389169618
6204,13.0,2020,9,,1.350628292238381
9279,2.0,2020,6,,0.13198499354291934
9279,2.0,2020,7,,0.001972135821315989
9279,2.0,2020,10,,0.0004395176055016437
8099,1.0,2020,6,,1.0972537916033611
8099,1.0,2020,7,,4.959315981807381
8099,1.0,2020,8,,4.777645796610433
8099,1.0,2020,9,,6.9499068906635495
8099,1.0,2020,10,,0.4763622340081735
10876,5.0,2020,6,,0.14892997283227685
10876,5.0,2020,7,,0.25863510136928397
10876,5.0,2020,8,,0.4675293615982824
10876,5.0,2020,9,,0.27908723907883976
10876,5.0,2020,10,,0.017031488476523332
7244,15.0,2020,6,,0.250263294031281
7244,15.0,2020,7,,0.7290772487413621
7244,15.0,2020,8,,0.5599418172825761
7244,15.0,2020,9,,0.6235014701740066
7244,15.0,2020,10,,0.052866855069084485
7660,1.0,2020,6,,0.14569094317863068
7660,1.0,2020,7,,0.1905018683825828
7660,1.0,2020,8,,0.00033148873074038125
7660,1.0,2020,9,,0.02820087840855837
7660,1.0,2020,10,,0.0013776550182100227
8085,8.0,2020,6,,0.295955222590864
8085,8.0,2020,7,,0.5282066408056026
8085,8.0,2020,8,,0.3181951248283409
8085,8.0,2020,9,,0.3754377498350947
8085,8.0,2020,10,,0.02584419090994872
7066,11.0,2020,6,,0.009609050019727351
7066,11.0,2020,7,,0.023233987287780918
7066,11.0,2020,8,,0.06451859208480666
7066,11.0,2020,9,,0.1991390122768006
7066,11.0,2020,10,,0.0036261623763600343
9865,3.0,2020,6,,0.12551584861485168
9865,3.0,2020,7,,0.3402380946488512
9865,3.0,2020,8,,0.1186606351645562
9865,3.0,2020,9,,0.4722618922426717
9865,3.0,2020,10,,0.07787316737130888
4126,10.0,2020,6,,0.11075517586352274
4126,10.0,2020,7,,0.08874296457994256
4126,10.0,2020,8,,0.08491641668695225
4126,10.0,2020,9,,0.1390037631352375
4126,10.0,2020,10,,0.004854671106525357
7810,1.0,2020,6,,0.7151241050199569
7810,1.0,2020,7,,1.2262910390917123
7810,1.0,2020,8,,0.7513558970900213
7810,1.0,2020,9,,1.6878208877668346
7810,1.0,2020,10,,0.234352490735001
7813,1.0,2020,6,,0.7820070969639612
7813,1.0,2020,7,,1.506750352456558
7813,1.0,2020,8,,1.308382744102346
7813,1.0,2020,9,,1.61601372172032
7813,1.0,2020,10,,0.15583723340138894
8688,1.0,2020,6,,0.01957064559320626
8688,1.0,2020,7,,0.11485448547212306
8688,1.0,2020,8,,0.06473099225510083
8688,1.0,2020,9,,0.3782120055448362
8688,1.0,2020,10,,0.001889332816657289
8104,1.0,2020,6,,0.01720694254749773
8104,1.0,2020,7,,0.061631123240220874
8104,1.0,2020,8,,0.01293025375544733
8104,1.0,2020,9,,0.014649167531857781
8104,1.0,2020,10,,0.0012667311170056472
7074,12.0,2020,6,,0.10447377260688567
7074,12.0,2020,7,,0.3565416875515897
7074,12.0,2020,8,,0.2525182487584381
7074,12.0,2020,9,,0.49518540701113
7074,12.0,2020,10,,0.09912119007153328
8247,1.0,2020,6,,0.23454404816723984
8247,1.0,2020,7,,0.7996403477831784
8247,1.0,2020,8,,0.27118827717169003
8247,1.0,2020,9,,0.4460240898505841
8247,1.0,2020,10,,0.008231164126337877
7646,9.0,2020,6,,0.2602606207757972
7646,9.0,2020,7,,1.0461593079619698
7646,9.0,2020,8,,0.6346414987308733
7646,9.0,2020,9,,1.1119395876418892
7646,9.0,2020,10,,0.008250384782794528
14181,,2020,6,,0.0980012570702529
14181,,2020,7,,0.1509886506527745
14181,,2020,8,,0.3999452140291777
14181,,2020,9,,0.2831459579569591
14181,,2020,10,,0.010621630634727859
11167,5.0,2020,6,,0.003022162669137826
11167,5.0,2020,7,,0.22320707705011356
11167,5.0,2020,8,,0.0015700511547744526
11471,4.0,2020,6,,0.02840458823576888
11471,4.0,2020,7,,0.022886911235805232
11471,4.0,2020,8,,0.0283861231393728
11471,4.0,2020,9,,0.11403052042703148
11471,4.0,2020,10,,0.009016433123545279
10290,5.0,2020,6,,0.05484825336899707
10290,5.0,2020,7,,0.26353994089539984
10290,5.0,2020,8,,0.08360464512284753
10290,5.0,2020,9,,0.4295792474438969
10290,5.0,2020,10,,0.01923425196557637
8254,2.0,2020,6,,0.11937741449611347
8254,2.0,2020,7,,0.3986247830513485
8254,2.0,2020,8,,0.2789249150011173
8254,2.0,2020,9,,1.1349355283652525
8254,2.0,2020,10,,0.3160536121517078
1482,10.0,2020,6,,0.21582080473488344
1482,10.0,2020,7,,0.7830228690661943
1482,10.0,2020,8,,0.7488736216007388
1482,10.0,2020,9,,1.2203247836440196
1482,10.0,2020,10,,0.03596235704717148
5752,11.0,2020,6,,0.14799076925958266
5752,11.0,2020,7,,0.3796014613622836
5752,11.0,2020,8,,0.3694866221483074
5752,11.0,2020,9,,0.3505515338525247
5752,11.0,2020,10,,0.03946153746008689
7955,1.0,2020,6,,0.0390410629649936
7955,1.0,2020,7,,0.18849704802816505
7955,1.0,2020,8,,0.013587839211447286
7955,1.0,2020,9,,0.0020917559825248933
7662,1.0,2020,6,,0.7977717672217927
7662,1.0,2020,7,,3.14168826204436
7662,1.0,2020,8,,0.96055885660631
7662,1.0,2020,9,,1.2950388811321665
7662,1.0,2020,10,,0.2109141341522811
11908,4.0,2020,6,,0.0871775160980334
11908,4.0,2020,7,,0.07438898527704914
11908,4.0,2020,8,,0.0003980321136328881
6938,1.0,2020,6,,0.0004559600754920044
6938,1.0,2020,7,,0.08732587993092256
6938,1.0,2020,8,,0.022175975747324085
6938,1.0,2020,9,,0.009044842297087366
8101,1.0,2020,6,,1.3565570860462053
8101,1.0,2020,7,,3.0094989237963023
8101,1.0,2020,8,,3.2346653947707003
8101,1.0,2020,9,,3.782328213301642
8101,1.0,2020,10,,0.30358045236895603
8385,8.0,2020,6,,0.4434737599351311
8385,8.0,2020,7,,1.5604740768367615
8385,8.0,2020,8,,1.8293661013635019
8385,8.0,2020,9,,1.9166579267636077
8385,8.0,2020,10,,0.1557994943962482
9867,3.0,2020,6,,0.02047234706812472
9867,3.0,2020,7,,0.02360687632978216
9867,3.0,2020,9,,0.021997391471511932
9867,3.0,2020,10,,0.00410803783534626
8249,1.0,2020,6,,0.4654433662761471
8249,1.0,2020,7,,0.13584949195176144
8249,1.0,2020,8,,0.5574328706960525
8249,1.0,2020,9,,0.6848546649587677
8249,1.0,2020,10,,0.04436537614287614
7056,9.0,2020,6,,0.015377898236762675
7056,9.0,2020,7,,0.010887418682743977
7056,9.0,2020,9,,0.03670123016133693
7056,9.0,2020,10,,0.0009362166802909926
5918,14.0,2020,6,,0.014323424861312585
5918,14.0,2020,8,,0.5296284005905579
5918,14.0,2020,9,,0.01691118210617729
7984,15.0,2020,6,,0.0003328648374848175
7984,15.0,2020,7,,5.9048949417069974e-05
10294,4.0,2020,6,,0.0040369341585738145
7804,1.0,2020,6,,0.01947555375860133
7804,1.0,2020,7,,0.03940393850208227
7804,1.0,2020,8,,0.19249428683239067
7804,1.0,2020,9,,0.1053237022919168
7804,1.0,2020,10,,0.000530475241373933
11166,5.0,2020,6,,0.009615305242491705
11166,5.0,2020,8,,1.32008458963844
11166,5.0,2020,9,,1.706132579036586
5331,13.0,2020,6,,0.0029572648434196954
5331,13.0,2020,7,,0.0005151546426375033
5331,13.0,2020,9,,0.008073834813543622
5331,13.0,2020,10,,0.0014933778880513288
4777,15.0,2020,6,,0.0107195433805785
4777,15.0,2020,7,,0.05343097976272418
4777,15.0,2020,8,,0.019015311945570053
4777,15.0,2020,9,,0.05792455225266335
4777,15.0,2020,10,,0.006500793001052689
4413,10.0,2020,6,,0.10661229973587036
4413,10.0,2020,7,,0.024779908124935246
4413,10.0,2020,9,,0.0022413571050469414
8829,1.0,2020,6,,2.5438456617442607e-05
8829,1.0,2020,8,,3.9320283038178015e-05
8829,1.0,2020,9,,0.4241020402617515
8829,1.0,2020,10,,0.0024444437344856573
4457,13.0,2020,6,,0.060926031056913965
4457,13.0,2020,7,,0.10225474784393918
4457,13.0,2020,10,,0.0002884676826356379
7777,9.0,2020,6,,0.002625629572833343
7777,9.0,2020,7,,0.010757889830649722
7777,9.0,2020,8,,0.005745081982157832
7777,9.0,2020,9,,0.0021450814252049837
7777,9.0,2020,10,,0.0005413440871493716
7665,1.0,2020,6,,0.09697387819768163
7665,1.0,2020,7,,0.7141296177727187
7665,1.0,2020,8,,0.7368211883969632
7665,1.0,2020,9,,0.7701940974583359
7665,1.0,2020,10,,0.12127733137791212
8978,2.0,2020,6,,0.004762689612809485
8978,2.0,2020,7,,0.03141954275050634
8978,2.0,2020,9,,0.17711254970503806
8978,2.0,2020,10,,0.007640071759402855
10139,5.0,2020,6,,0.0003284588830283878
8246,1.0,2020,6,,0.0022312100851986784
8246,1.0,2020,7,,0.0206461766753635
8246,1.0,2020,8,,0.028251814875217805
8246,1.0,2020,9,,0.03254927928285078
8246,1.0,2020,10,,0.013509314640073338
10285,5.0,2020,6,,0.00038780025897080687
10285,5.0,2020,7,,0.001319322169907058
10285,5.0,2020,8,,0.011451024108943105
9413,7.0,2020,6,,1.9166301789788718
9413,7.0,2020,7,,2.1862344432140914
9413,7.0,2020,8,,2.569965450726534
9413,7.0,2020,9,,2.5248138783588407
9413,7.0,2020,10,,0.36384536291701003
-1,0.0,2020,6,,0.08830675107527837
-1,0.0,2020,7,,0.2685843905925834
-1,0.0,2020,8,,0.2662952238061956
-1,0.0,2020,9,,0.3022641184746285
-1,0.0,2020,10,,0.1371997499356959
6064,14.0,2020,6,,0.00447523080360738
6646,14.0,2020,6,,0.00482040452709495
6646,14.0,2020,7,,0.025090949552359392
6646,14.0,2020,8,,0.004748392718230379
6646,14.0,2020,9,,0.03952137651055078
6646,14.0,2020,10,,0.0014690642227266988
7821,2.0,2020,6,,0.017455661930869674
7821,2.0,2020,7,,0.15520816738882046
7821,2.0,2020,8,,0.11056765031339097
7821,2.0,2020,9,,0.5144239765999866
7821,2.0,2020,10,,0.011412598356763313
6062,13.0,2020,6,,0.0017554076154976635
11592,7.0,2020,6,,0.2057329218214196
11592,7.0,2020,7,,0.6861266500709955
11592,7.0,2020,8,,0.2270923659821052
11592,7.0,2020,9,,0.2289776222707977
11592,7.0,2020,10,,0.013668114384552213
7667,1.0,2020,6,,0.006642290861992522
7667,1.0,2020,7,,0.0015132956269477932
7667,1.0,2020,8,,0.001427919338024836
7667,1.0,2020,9,,0.02004882332242949
7667,1.0,2020,10,,0.0006019671680529157
5914,13.0,2020,6,,0.0003630913894365144
9857,4.0,2020,6,,0.047236475480022036
9857,4.0,2020,7,,0.06568037665861977
9857,4.0,2020,8,,0.007299786449953743
9857,4.0,2020,9,,0.0778410821761876
9857,4.0,2020,10,,0.0006593023620191023
1628,10.0,2020,6,,0.00091620938072831
1628,10.0,2020,7,,0.1677790778936865
1628,10.0,2020,8,,0.1837333714037921
1628,10.0,2020,9,,0.04483710704099421
1628,10.0,2020,10,,0.0012107369508957554
8527,8.0,2020,6,,0.0012301174794811661
8527,8.0,2020,7,,0.0031122203567111725
8527,8.0,2020,9,,0.00025968581992052666
8527,8.0,2020,10,,4.445816829317569e-05
7788,9.0,2020,6,,0.00032754898354430984
7788,9.0,2020,7,,0.000490326013087508
7788,9.0,2020,8,,0.007814702609942074
7788,9.0,2020,9,,0.0010017402011825974
10579,5.0,2020,6,,0.0009954484395106656
10579,5.0,2020,9,,0.0072793462162053235
11472,4.0,2020,6,,0.0008934719600761864
11472,4.0,2020,7,,0.0004154916024283982
7644,9.0,2020,6,,0.06235871055779588
7644,9.0,2020,8,,0.014620631259781225
7644,9.0,2020,9,,0.04362164346926697
9850,5.0,2020,6,,6.152856190773571e-05
7936,9.0,2020,6,,0.028670382085441187
6507,14.0,2020,6,,0.016088119698894187
6901,9.0,2020,7,,0.0064038620414328005
6901,9.0,2020,8,,0.00011987224509181279
6901,9.0,2020,9,,0.012079462159465868
6901,9.0,2020,10,,0.0011594602997066286
8119,15.0,2020,7,,0.03323557990173034
8119,15.0,2020,8,,0.043349606576466165
8119,15.0,2020,9,,0.020278230452335663
8233,8.0,2020,7,,0.00032567316593550737
7230,1.0,2020,7,,0.0021672283064149023
7230,1.0,2020,9,,0.0031440403661961505
7230,1.0,2020,10,,0.006276359504214435
6498,13.0,2020,7,,0.015578762985563575
6498,13.0,2020,8,,0.002471886797795199
6498,13.0,2020,9,,0.06773676155700738
6498,13.0,2020,10,,0.01859832520639124
9861,4.0,2020,7,,0.026969306634449557
11172,4.0,2020,7,,0.0014858210579555835
6902,9.0,2020,7,,0.00021514665896995569
9288,3.0,2020,7,,0.004211850903972463
7797,8.0,2020,7,,0.002575872532931049
7797,8.0,2020,10,,0.0001699645899851359
7376,1.0,2020,7,,0.0059895909768352745
7376,1.0,2020,8,,0.013046191056038605
7376,1.0,2020,9,,0.016670319702160853
7376,1.0,2020,10,,0.005400043118360706
9723,3.0,2020,7,,0.009286863879696605
10594,4.0,2020,7,,0.018421292739136737
10594,4.0,2020,9,,0.031305924191316316
10594,4.0,2020,10,,0.05007274278757677
7672,2.0,2020,7,,0.012838093831987179
7672,2.0,2020,8,,0.011177461111611112
7672,2.0,2020,9,,0.0010772828365351458
12470,6.0,2020,7,,8.930166645400695e-05
10730,5.0,2020,7,,0.051503114881418885
11476,4.0,2020,7,,0.05677970202170585
9436,3.0,2020,7,,0.3041621283789297
9436,3.0,2020,8,,1.538684296325984
9436,3.0,2020,9,,0.9162076758098188
9436,3.0,2020,10,,0.0801828002107363
11455,5.0,2020,7,,0.009144391993681993
11455,5.0,2020,8,,0.0002800055252219579
6071,14.0,2020,7,,1.9559649917847296e-05
6071,14.0,2020,9,,2.1431164311456052e-06
7507,11.0,2020,7,,0.043089357227463085
7507,11.0,2020,8,,0.06361562319774898
7507,11.0,2020,9,,0.0488995185003869
4272,10.0,2020,7,,0.13615994787296834
4272,10.0,2020,9,,0.25893812705944924
10436,5.0,2020,7,,0.003656026805068871
8826,7.0,2020,8,,0.003190249059377177
8826,7.0,2020,9,,0.00011684477951680161
10281,7.0,2020,8,,7.997287223757092e-05
10281,7.0,2020,9,,6.0829020487813e-07
8235,8.0,2020,8,,0.0020667903032552926
8235,8.0,2020,9,,0.0017174266697669545
6605,9.0,2020,8,,0.014773070083772552
6605,9.0,2020,9,,0.0005807706058126436
3834,10.0,2020,8,,0.02386188686008101
9283,3.0,2020,8,,0.00012000468422371116
9283,3.0,2020,9,,0.16360951679860836
8544,2.0,2020,8,,0.0009164674199536736
8544,2.0,2020,9,,0.0013071147168338712
11298,7.0,2020,8,,0.011365288924188682
11298,7.0,2020,9,,0.05368852669258563
11298,7.0,2020,10,,0.00795212021602545
9430,3.0,2020,8,,3.78226488860845e-05
10743,4.0,2020,8,,0.2431191101137604
6754,9.0,2020,8,,0.010209512868275998
6754,9.0,2020,9,,0.009071397860684774
8983,2.0,2020,8,,0.004742822705642496
8983,2.0,2020,9,,0.6384435471902759
8983,2.0,2020,10,,0.009032826644462809
8534,1.0,2020,8,,0.005212161246642267
8534,1.0,2020,9,,0.011477762482343116
7663,1.0,2020,8,,0.00021904783091554093
7651,8.0,2020,8,,0.005728934589780753
7651,8.0,2020,9,,0.022842816535509663
7349,9.0,2020,8,,0.01757022001256981
7349,9.0,2020,9,,0.010211624094808832
5759,12.0,2020,8,,0.0004809395096815996
5759,12.0,2020,9,,0.0006287328207635307
6912,9.0,2020,9,,0.0013572452527620385
11608,5.0,2020,9,,0.00023210701322456294
7523,1.0,2020,9,,0.02847678550552398
7523,1.0,2020,10,,0.000990564443952095
10596,4.0,2020,9,,0.0006684806973900162
7654,11.0,2020,9,,0.0004024499019311005
11326,4.0,2020,9,,1.6439770123947812
11015,5.0,2020,9,,0.007055736708233532
10586,4.0,2020,9,,0.00025313943854244746
11182,4.0,2020,9,,0.022047328516442637
11182,4.0,2020,10,,0.00033154647835141783
7357,11.0,2020,9,,0.00440746442390389
7809,1.0,2020,9,,5.6195802478967066e-05
10015,3.0,2020,9,,0.00021285304527172391
12479,6.0,2020,9,,0.00698298693638481
10573,7.0,2020,9,,0.0076950225879361
6047,11.0,2020,9,,0.0006459479868321066
6047,11.0,2020,10,,0.0007011302668682692
1191,10.0,2020,9,,0.00037600629877185536
10303,4.0,2020,9,,0.0017383612737823114
10303,4.0,2020,10,,0.00010183831548951064
5757,12.0,2020,9,,0.022460289905180283
6334,11.0,2020,9,,0.003440862164806856
7072,12.0,2020,9,,4.1655891506112375e-05
10578,5.0,2020,9,,0.0018501456643391651
5623,14.0,2020,9,,0.026616084092736282
5772,14.0,2020,9,,0.00018608293565965835
8673,8.0,2020,9,,0.2419412362409753
6789,13.0,2020,9,,0.14239057591825102
6190,11.0,2020,9,,0.11662214749184538
12194,5.0,2020,9,,0.020140284780273517
7499,9.0,2020,9,,0.2759713270245512
12195,5.0,2020,9,,0.06975525464769326
9559,5.0,2020,9,,0.0004968494952133065
8224,9.0,2020,9,,0.0016336777261969286
11028,4.0,2020,9,,0.005244750071627474
6198,12.0,2020,9,,0.00032501289135422693
10590,4.0,2020,9,,0.0002964434230461752
5625,13.0,2020,9,,0.016766405579475518
4124,10.0,2020,9,,0.061168293273779976
11308,5.0,2020,9,,0.032639808249330965
4553,10.0,2020,9,,0.0226168247368694
6050,12.0,2020,9,,0.06295517552732177
11021,5.0,2020,9,,0.007866361978332487
7362,11.0,2020,9,,0.17364458247142214
7362,11.0,2020,10,,0.011214693874221587
6070,14.0,2020,9,,0.0005221946258512362
6070,14.0,2020,10,,0.00014654810660682393
8277,15.0,2020,9,,0.1665923057403122
6925,12.0,2020,9,,0.003922381801686753
7799,11.0,2020,9,,0.0132267020196106
10307,3.0,2020,9,,0.00041525123712257976
10307,3.0,2020,10,,0.002611487824530597
6215,14.0,2020,9,,0.014996563673885068
7675,2.0,2020,9,,0.007795478226593691
7946,8.0,2020,9,,2.62761235607696e-06
12787,4.0,2020,9,,0.0004985556047729082
4311,13.0,2020,9,,0.0009924394931296128
3105,10.0,2020,9,,0.003198709833614545
3105,10.0,2020,10,,0.0002856967578449857
7956,1.0,2020,9,,0.0003544759299815593
7956,1.0,2020,10,,0.003124217451720204
4776,15.0,2020,9,,0.0021173083975018405
7524,1.0,2020,9,,0.0002368520379853161
